-- ===========================
-- Schema creation
-- ===========================

-- Extensions
CREATE EXTENSION IF NOT EXISTS "pgcrypto";

-- Users
CREATE TABLE user_account (
    id UUID PRIMARY KEY DEFAULT gen_random_uuid(),
    name VARCHAR(100) NOT NULL,
    email VARCHAR(100) UNIQUE NOT NULL,
    birthdate DATE,
    password_hash TEXT NOT NULL,
    created_at TIMESTAMP DEFAULT CURRENT_TIMESTAMP,
    updated_at TIMESTAMP DEFAULT CURRENT_TIMESTAMP
);

CREATE TABLE user_address (
    id SERIAL PRIMARY KEY,
    user_id UUID REFERENCES user_account(id),
    street VARCHAR(100),
    city VARCHAR(50)
);

CREATE TABLE user_profile (
    id SERIAL PRIMARY KEY,
    user_id UUID REFERENCES user_account(id),
    photo VARCHAR(255)
);

-- Auth & Authz
CREATE TABLE role (
    id SERIAL PRIMARY KEY,
    name VARCHAR(50)
);

CREATE TABLE user_role (
    user_id UUID NOT NULL,
    role_id INT NOT NULL,
    PRIMARY KEY (user_id, role_id),
    CONSTRAINT fk_user
        FOREIGN KEY (user_id) REFERENCES user_account(id)
        ON DELETE CASCADE,
    CONSTRAINT fk_role
        FOREIGN KEY (role_id) REFERENCES role(id)
        ON DELETE CASCADE
);

CREATE TABLE jwt_token (
    id UUID PRIMARY KEY DEFAULT gen_random_uuid(),
    user_id UUID NOT NULL,
    token TEXT NOT NULL UNIQUE,
    expires_at TIMESTAMP NOT NULL,
    revoked BOOLEAN DEFAULT FALSE,
    created_at TIMESTAMP DEFAULT now(),
    updated_at TIMESTAMP DEFAULT now()
);

-- Products
CREATE TABLE product (
    id SERIAL PRIMARY KEY,
    name VARCHAR(100),
    description TEXT,
    price NUMERIC(10,2),
    stock INTEGER,
    category VARCHAR(50)
);

-- Shopping Cart
CREATE TABLE cart (
    id SERIAL PRIMARY KEY,
    user_id UUID REFERENCES user_account(id)
);

CREATE TABLE cart_item (
    id SERIAL PRIMARY KEY,
    product_id INTEGER REFERENCES product(id),
    cart_id INTEGER REFERENCES cart(id),
    quantity INTEGER
);

-- Orders and Payments
CREATE TABLE order_record (
    id SERIAL PRIMARY KEY,
    user_id UUID REFERENCES user_account(id),
    date TIMESTAMP DEFAULT now(),
    status VARCHAR(20)
);

CREATE TABLE order_invoice (
    id SERIAL PRIMARY KEY,
    order_record_id INTEGER REFERENCES order_record(id)
);

CREATE TABLE order_transaction (
    id SERIAL PRIMARY KEY,
    order_record_id INTEGER UNIQUE REFERENCES order_record(id),
    total_amount NUMERIC(10,2),
    description TEXT
);

CREATE TABLE order_item (
  id SERIAL PRIMARY KEY,
  order_record_id INTEGER NOT NULL REFERENCES order_record(id) ON DELETE CASCADE,
  product_id INTEGER NOT NULL REFERENCES product(id),
  quantity INTEGER NOT NULL,
  price NUMERIC(10,2) NOT NULL
);

-- ===========================
-- Seed data
-- ===========================
  INSERT INTO user_account (id, name, email, birthdate, password_hash, created_at, updated_at) VALUES
('87524168-762c-4d5f-aaf3-17332c3a97b7', 'Dr. Ella Ratke DVM', 'Nikko_Waters87@hotmail.com', '1963-05-26', '$2b$10$aMG1tJGuDyvYJQYi/J4CA.zwvfOXz0jIxSI2Oj6nLF1fHsqd2wasy', '2025-05-30 23:55:16', '2025-05-30 23:55:16'),
('c1d32a50-12a6-4387-bee9-bb18b6d6172d', 'Shelia Schmitt', 'Raegan_Cormier51@gmail.com', '1997-04-18', '$2b$10$aMG1tJGuDyvYJQYi/J4CA.zwvfOXz0jIxSI2Oj6nLF1fHsqd2wasy', '2025-05-30 23:55:16', '2025-05-30 23:55:16'),
('7f7b099b-93d2-4e67-98df-763ad0dfa735', 'Eunice Muller', 'Rossie_Kuhlman97@gmail.com', '1974-04-20', '$2b$10$aMG1tJGuDyvYJQYi/J4CA.zwvfOXz0jIxSI2Oj6nLF1fHsqd2wasy', '2025-05-30 23:55:16', '2025-05-30 23:55:16'),
('61f79f0c-1e58-43a0-a7e4-39767374f372', 'Tyler Muller', 'Rudolph75@hotmail.com', '1992-03-01', '$2b$10$aMG1tJGuDyvYJQYi/J4CA.zwvfOXz0jIxSI2Oj6nLF1fHsqd2wasy', '2025-05-30 23:55:16', '2025-05-30 23:55:16'),
('5c80cb03-1cbe-4c61-8ad6-fcb2553b2f47', 'Adam Ledner', 'Audra.Schiller@hotmail.com', '1966-07-11', '$2b$10$aMG1tJGuDyvYJQYi/J4CA.zwvfOXz0jIxSI2Oj6nLF1fHsqd2wasy', '2025-05-30 23:55:16', '2025-05-30 23:55:16'),
('83b8bd48-d213-4b20-a889-4c60ab48d278', 'Lyle Skiles', 'Linnea59@yahoo.com', '1967-06-10', '$2b$10$aMG1tJGuDyvYJQYi/J4CA.zwvfOXz0jIxSI2Oj6nLF1fHsqd2wasy', '2025-05-30 23:55:16', '2025-05-30 23:55:16'),
('3aeb3257-4b14-46cf-bfb5-76d38622691d', 'Kristine Aufderhar', 'Jerel_Abshire42@hotmail.com', '1958-08-24', '$2b$10$aMG1tJGuDyvYJQYi/J4CA.zwvfOXz0jIxSI2Oj6nLF1fHsqd2wasy', '2025-05-30 23:55:16', '2025-05-30 23:55:16'),
('39a5d8aa-f7aa-490d-b0f8-2592836c0b9e', 'Dr. Patty Becker', 'Flo33@gmail.com', '1961-02-25', '$2b$10$aMG1tJGuDyvYJQYi/J4CA.zwvfOXz0jIxSI2Oj6nLF1fHsqd2wasy', '2025-05-30 23:55:16', '2025-05-30 23:55:16'),
('124c5316-c4b8-45de-805d-bba2b91365d9', 'Donna Gerhold-Baumbach', 'Demetrius.Christiansen@yahoo.com', '1965-03-23', '$2b$10$aMG1tJGuDyvYJQYi/J4CA.zwvfOXz0jIxSI2Oj6nLF1fHsqd2wasy', '2025-05-30 23:55:16', '2025-05-30 23:55:16'),
('b56796ec-2855-4061-aa4b-e96f508a348b', 'Alicia Deckow', 'Katlyn_Runolfsdottir@hotmail.com', '1975-03-08', '$2b$10$aMG1tJGuDyvYJQYi/J4CA.zwvfOXz0jIxSI2Oj6nLF1fHsqd2wasy', '2025-05-30 23:55:16', '2025-05-30 23:55:16'),
('b1b58191-25e8-485b-9695-1c97df9de73b', 'Marcos Kirlin', 'Nicola24@yahoo.com', '1972-06-10', '$2b$10$aMG1tJGuDyvYJQYi/J4CA.zwvfOXz0jIxSI2Oj6nLF1fHsqd2wasy', '2025-05-30 23:55:16', '2025-05-30 23:55:16'),
('d5a37ebf-9a88-4f8a-8a74-5aed7c9b52b5', 'Ramona Nicolas', 'Julius.Gleason@hotmail.com', '1962-03-13', '$2b$10$aMG1tJGuDyvYJQYi/J4CA.zwvfOXz0jIxSI2Oj6nLF1fHsqd2wasy', '2025-05-30 23:55:16', '2025-05-30 23:55:16'),
('3535923b-cbb1-4139-a741-473d01432000', 'Mr. Alton Roberts', 'Susie.Hand50@yahoo.com', '1983-12-28', '$2b$10$aMG1tJGuDyvYJQYi/J4CA.zwvfOXz0jIxSI2Oj6nLF1fHsqd2wasy', '2025-05-30 23:55:16', '2025-05-30 23:55:16'),
('74585774-6cd3-4e5d-a7fb-d78fe5cbb69c', 'Dexter Reilly', 'Alba80@yahoo.com', '1974-10-03', '$2b$10$aMG1tJGuDyvYJQYi/J4CA.zwvfOXz0jIxSI2Oj6nLF1fHsqd2wasy', '2025-05-30 23:55:16', '2025-05-30 23:55:16'),
('d31e1d7c-fd46-44ca-8031-475badc141ec', 'Kellie Kozey', 'Natalie_Padberg99@hotmail.com', '1952-09-21', '$2b$10$aMG1tJGuDyvYJQYi/J4CA.zwvfOXz0jIxSI2Oj6nLF1fHsqd2wasy', '2025-05-30 23:55:16', '2025-05-30 23:55:16'),
('61e30943-02fd-4293-937d-81990d3d0540', 'Armando Schamberger', 'Helga.Franey39@gmail.com', '1978-04-17', '$2b$10$aMG1tJGuDyvYJQYi/J4CA.zwvfOXz0jIxSI2Oj6nLF1fHsqd2wasy', '2025-05-30 23:55:16', '2025-05-30 23:55:16'),
('031dc2ca-bacf-4747-8665-9c3cc515695d', 'Sherman Bailey', 'Alysa_Corkery83@gmail.com', '1953-07-05', '$2b$10$aMG1tJGuDyvYJQYi/J4CA.zwvfOXz0jIxSI2Oj6nLF1fHsqd2wasy', '2025-05-30 23:55:16', '2025-05-30 23:55:16'),
('63f09f03-429f-4962-afc4-5cc827a36e15', 'Saul Wolff', 'Bailee_Collier@gmail.com', '1992-02-17', '$2b$10$aMG1tJGuDyvYJQYi/J4CA.zwvfOXz0jIxSI2Oj6nLF1fHsqd2wasy', '2025-05-30 23:55:16', '2025-05-30 23:55:16'),
('b22c2be5-65ea-4aa2-9a20-d679d10b5ba4', 'Mrs. Glenda Macejkovic', 'Delbert.Bahringer@hotmail.com', '2002-11-05', '$2b$10$aMG1tJGuDyvYJQYi/J4CA.zwvfOXz0jIxSI2Oj6nLF1fHsqd2wasy', '2025-05-30 23:55:16', '2025-05-30 23:55:16'),
('375f3886-f56f-436f-92ba-7aa353168daa', 'Ollie Ferry', 'Shyanne_Connelly@gmail.com', '1981-09-07', '$2b$10$aMG1tJGuDyvYJQYi/J4CA.zwvfOXz0jIxSI2Oj6nLF1fHsqd2wasy', '2025-05-30 23:55:16', '2025-05-30 23:55:16'),
('af29e309-4c13-40e8-a1e7-d82246e0f8fa', 'Cora Braun', 'Annie82@hotmail.com', '1976-10-19', '$2b$10$aMG1tJGuDyvYJQYi/J4CA.zwvfOXz0jIxSI2Oj6nLF1fHsqd2wasy', '2025-05-30 23:55:16', '2025-05-30 23:55:16'),
('23dbd832-3eab-41fe-b78d-97af7d38b57a', 'Dominic Weimann', 'Kristofer7@yahoo.com', '1980-09-14', '$2b$10$aMG1tJGuDyvYJQYi/J4CA.zwvfOXz0jIxSI2Oj6nLF1fHsqd2wasy', '2025-05-30 23:55:16', '2025-05-30 23:55:16'),
('a172e099-0cb3-4f73-b0bc-15dfc4b687c7', 'Alice Tillman', 'Alexandre_Mitchell52@hotmail.com', '1973-07-03', '$2b$10$aMG1tJGuDyvYJQYi/J4CA.zwvfOXz0jIxSI2Oj6nLF1fHsqd2wasy', '2025-05-30 23:55:16', '2025-05-30 23:55:16'),
('7134422d-01fb-46e6-802e-6e67b4c83e3d', 'Orville Koss', 'Leta85@hotmail.com', '1950-05-09', '$2b$10$aMG1tJGuDyvYJQYi/J4CA.zwvfOXz0jIxSI2Oj6nLF1fHsqd2wasy', '2025-05-30 23:55:16', '2025-05-30 23:55:16'),
('0c16fc06-2434-4e91-92e8-459350c07910', 'Yvette Kessler', 'Audra_Gibson@hotmail.com', '2001-06-08', '$2b$10$aMG1tJGuDyvYJQYi/J4CA.zwvfOXz0jIxSI2Oj6nLF1fHsqd2wasy', '2025-05-30 23:55:16', '2025-05-30 23:55:16'),
('d11e95c9-a52a-48ee-90c5-8480fea7d17b', 'Marcus Herzog', 'Fanny76@hotmail.com', '1960-04-25', '$2b$10$aMG1tJGuDyvYJQYi/J4CA.zwvfOXz0jIxSI2Oj6nLF1fHsqd2wasy', '2025-05-30 23:55:16', '2025-05-30 23:55:16'),
('fe808afb-1f02-46b8-a5f5-d7328bae32a5', 'Tiffany McCullough', 'Erna.Ratke@yahoo.com', '1960-01-11', '$2b$10$aMG1tJGuDyvYJQYi/J4CA.zwvfOXz0jIxSI2Oj6nLF1fHsqd2wasy', '2025-05-30 23:55:16', '2025-05-30 23:55:16'),
('0479a9cf-affd-49b7-8d86-5a387c272401', 'Mr. Lonnie Runolfsson', 'Daisha_Smitham55@hotmail.com', '1959-10-16', '$2b$10$aMG1tJGuDyvYJQYi/J4CA.zwvfOXz0jIxSI2Oj6nLF1fHsqd2wasy', '2025-05-30 23:55:16', '2025-05-30 23:55:16'),
('577125c8-3f1d-41b7-9802-6f409e769372', 'Megan Jaskolski', 'Angeline_Greenfelder96@yahoo.com', '1969-08-12', '$2b$10$aMG1tJGuDyvYJQYi/J4CA.zwvfOXz0jIxSI2Oj6nLF1fHsqd2wasy', '2025-05-30 23:55:16', '2025-05-30 23:55:16'),
('3bdff5c2-7ad9-4417-9dfd-9467399f5c43', 'Gail Mueller', 'Greta6@hotmail.com', '1962-01-26', '$2b$10$aMG1tJGuDyvYJQYi/J4CA.zwvfOXz0jIxSI2Oj6nLF1fHsqd2wasy', '2025-05-30 23:55:16', '2025-05-30 23:55:16'),
('7d2b6ff3-289a-48db-a4cb-8676323d9a12', 'Robin King V', 'Friedrich.Grimes7@yahoo.com', '1968-02-06', '$2b$10$aMG1tJGuDyvYJQYi/J4CA.zwvfOXz0jIxSI2Oj6nLF1fHsqd2wasy', '2025-05-30 23:55:16', '2025-05-30 23:55:16'),
('5cb2023c-1f0d-4dcf-8ef6-78cbe3374f8e', 'Alex Upton', 'Blair.Jakubowski88@hotmail.com', '1969-09-22', '$2b$10$aMG1tJGuDyvYJQYi/J4CA.zwvfOXz0jIxSI2Oj6nLF1fHsqd2wasy', '2025-05-30 23:55:16', '2025-05-30 23:55:16'),
('d1eacecd-452e-47be-912e-e94688167bcc', 'Justin Hane', 'Filiberto78@gmail.com', '1989-04-06', '$2b$10$aMG1tJGuDyvYJQYi/J4CA.zwvfOXz0jIxSI2Oj6nLF1fHsqd2wasy', '2025-05-30 23:55:16', '2025-05-30 23:55:16'),
('bc1c13b2-7c6d-40eb-95ca-c406264be899', 'Jeff Brown', 'Kaylin_Hirthe@hotmail.com', '1994-01-04', '$2b$10$aMG1tJGuDyvYJQYi/J4CA.zwvfOXz0jIxSI2Oj6nLF1fHsqd2wasy', '2025-05-30 23:55:16', '2025-05-30 23:55:16'),
('bc0cdbf7-b23b-4cfb-a252-669a15a7eb7a', 'Janice Krajcik', 'Mozell14@yahoo.com', '1950-07-28', '$2b$10$aMG1tJGuDyvYJQYi/J4CA.zwvfOXz0jIxSI2Oj6nLF1fHsqd2wasy', '2025-05-30 23:55:16', '2025-05-30 23:55:16'),
('db96a1f9-c0e3-4732-a146-3962f5761515', 'Nicolas Willms', 'Enoch_Larkin@hotmail.com', '1979-03-03', '$2b$10$aMG1tJGuDyvYJQYi/J4CA.zwvfOXz0jIxSI2Oj6nLF1fHsqd2wasy', '2025-05-30 23:55:16', '2025-05-30 23:55:16'),
('ea2b7999-df5d-4eb8-99e3-2aa8cb333f2f', 'Sandra Sanford', 'Daphnee.Rodriguez38@yahoo.com', '1973-06-09', '$2b$10$aMG1tJGuDyvYJQYi/J4CA.zwvfOXz0jIxSI2Oj6nLF1fHsqd2wasy', '2025-05-30 23:55:16', '2025-05-30 23:55:16'),
('f6fa32f8-9c67-4cd6-aece-d344ad307be8', 'Joshua Cummings', 'Hunter52@yahoo.com', '1975-07-05', '$2b$10$aMG1tJGuDyvYJQYi/J4CA.zwvfOXz0jIxSI2Oj6nLF1fHsqd2wasy', '2025-05-30 23:55:16', '2025-05-30 23:55:16'),
('01baad0c-23d5-434e-a7c3-24bf3dd8791b', 'Teresa Funk', 'Coby_Adams@yahoo.com', '1980-05-28', '$2b$10$aMG1tJGuDyvYJQYi/J4CA.zwvfOXz0jIxSI2Oj6nLF1fHsqd2wasy', '2025-05-30 23:55:16', '2025-05-30 23:55:16'),
('4e83d9cb-b5d0-4ebf-bfeb-151d9c553069', 'Sam Gorczany', 'Tristin.Larkin96@yahoo.com', '1986-09-18', '$2b$10$aMG1tJGuDyvYJQYi/J4CA.zwvfOXz0jIxSI2Oj6nLF1fHsqd2wasy', '2025-05-30 23:55:16', '2025-05-30 23:55:16'),
('b93fd381-790f-4541-9ccc-21544f61cd70', 'Angelica Yundt DDS', 'Clovis_Davis32@hotmail.com', '1960-03-25', '$2b$10$aMG1tJGuDyvYJQYi/J4CA.zwvfOXz0jIxSI2Oj6nLF1fHsqd2wasy', '2025-05-30 23:55:16', '2025-05-30 23:55:16'),
('abbba6f8-2ba8-47e7-9fdb-f9e1dcb9e714', 'Wanda Cartwright', 'Sandrine.Schultz@gmail.com', '1986-03-14', '$2b$10$aMG1tJGuDyvYJQYi/J4CA.zwvfOXz0jIxSI2Oj6nLF1fHsqd2wasy', '2025-05-30 23:55:16', '2025-05-30 23:55:16'),
('b09140b7-eef3-44c3-840e-3ae8206b73b9', 'Tracy Grady', 'Marlin31@hotmail.com', '1957-05-10', '$2b$10$aMG1tJGuDyvYJQYi/J4CA.zwvfOXz0jIxSI2Oj6nLF1fHsqd2wasy', '2025-05-30 23:55:16', '2025-05-30 23:55:16'),
('bf8a2e8d-010f-41fe-a27e-3f498f31bcd1', 'Kerry Monahan', 'Linwood.Wuckert55@yahoo.com', '1977-10-12', '$2b$10$aMG1tJGuDyvYJQYi/J4CA.zwvfOXz0jIxSI2Oj6nLF1fHsqd2wasy', '2025-05-30 23:55:16', '2025-05-30 23:55:16'),
('98556715-8e27-4fbb-92d2-dd56e115f273', 'Michelle Rogahn', 'Colten76@yahoo.com', '1977-06-28', '$2b$10$aMG1tJGuDyvYJQYi/J4CA.zwvfOXz0jIxSI2Oj6nLF1fHsqd2wasy', '2025-05-30 23:55:16', '2025-05-30 23:55:16'),
('1f98faa4-17df-4577-b214-11f8a522c47b', 'Andrea Schultz', 'Nicolas_Johnston72@yahoo.com', '2001-01-05', '$2b$10$aMG1tJGuDyvYJQYi/J4CA.zwvfOXz0jIxSI2Oj6nLF1fHsqd2wasy', '2025-05-30 23:55:16', '2025-05-30 23:55:16'),
('d8517133-6754-43fe-9e7c-e739a8b1a3b1', 'Miss Arlene Rippin', 'Lesley_Fadel@yahoo.com', '1960-08-17', '$2b$10$aMG1tJGuDyvYJQYi/J4CA.zwvfOXz0jIxSI2Oj6nLF1fHsqd2wasy', '2025-05-30 23:55:16', '2025-05-30 23:55:16'),
('101fb34c-d183-40e2-a70f-93847a236b00', 'Rebecca Bernier', 'Jarod82@hotmail.com', '1972-05-09', '$2b$10$aMG1tJGuDyvYJQYi/J4CA.zwvfOXz0jIxSI2Oj6nLF1fHsqd2wasy', '2025-05-30 23:55:16', '2025-05-30 23:55:16'),
('5539f2f2-92fe-4927-ade0-e2759e78ecfb', 'Carlton Pagac', 'Edgardo_Keebler@gmail.com', '1995-05-15', '$2b$10$aMG1tJGuDyvYJQYi/J4CA.zwvfOXz0jIxSI2Oj6nLF1fHsqd2wasy', '2025-05-30 23:55:16', '2025-05-30 23:55:16'),
('aff3b386-8467-4c69-9e30-acc5a72dc2d8', 'Kerry Mraz I', 'Chandler.Franey57@yahoo.com', '1988-05-10', '$2b$10$aMG1tJGuDyvYJQYi/J4CA.zwvfOXz0jIxSI2Oj6nLF1fHsqd2wasy', '2025-05-30 23:55:16', '2025-05-30 23:55:16'),
('ae4d37df-7d78-4160-9160-502cc9209a92', 'Clarence Corwin', 'Leatha18@gmail.com', '1956-05-12', '$2b$10$aMG1tJGuDyvYJQYi/J4CA.zwvfOXz0jIxSI2Oj6nLF1fHsqd2wasy', '2025-05-30 23:55:16', '2025-05-30 23:55:16'),
('9700c1fe-4192-4158-ba73-96ab547c0ff8', 'Lillie Marvin II', 'Melba32@yahoo.com', '1979-03-12', '$2b$10$aMG1tJGuDyvYJQYi/J4CA.zwvfOXz0jIxSI2Oj6nLF1fHsqd2wasy', '2025-05-30 23:55:16', '2025-05-30 23:55:16'),
('e39d3cd9-3e8f-43ac-b8dd-4c80f6de15a9', 'Anthony Tromp', 'Bertha_Jerde63@gmail.com', '1951-06-03', '$2b$10$aMG1tJGuDyvYJQYi/J4CA.zwvfOXz0jIxSI2Oj6nLF1fHsqd2wasy', '2025-05-30 23:55:16', '2025-05-30 23:55:16'),
('cbdf99c9-e0ba-422c-b0d4-07c6d8fda943', 'Diane Kemmer', 'Leonardo65@hotmail.com', '1995-10-08', '$2b$10$aMG1tJGuDyvYJQYi/J4CA.zwvfOXz0jIxSI2Oj6nLF1fHsqd2wasy', '2025-05-30 23:55:16', '2025-05-30 23:55:16'),
('620204e3-ce53-4bcd-be6e-c3ffdfa73090', 'Hilda Gulgowski', 'Americo76@yahoo.com', '1965-01-08', '$2b$10$aMG1tJGuDyvYJQYi/J4CA.zwvfOXz0jIxSI2Oj6nLF1fHsqd2wasy', '2025-05-30 23:55:16', '2025-05-30 23:55:16'),
('372fa4bb-b72c-4db8-8da0-9b0d9deb6703', 'Dr. Merle Rosenbaum', 'Doris.Nolan@gmail.com', '1996-01-29', '$2b$10$aMG1tJGuDyvYJQYi/J4CA.zwvfOXz0jIxSI2Oj6nLF1fHsqd2wasy', '2025-05-30 23:55:16', '2025-05-30 23:55:16'),
('8d723f41-1b2b-4e8a-9ec8-f00b7b8263c5', 'Lisa Cole', 'Nannie.Bogan80@gmail.com', '1987-07-28', '$2b$10$aMG1tJGuDyvYJQYi/J4CA.zwvfOXz0jIxSI2Oj6nLF1fHsqd2wasy', '2025-05-30 23:55:16', '2025-05-30 23:55:16'),
('9ae9e9ad-748c-4f06-bb3b-41ef9681eb96', 'Beulah Feil-O''Keefe', 'Bertha_Purdy36@gmail.com', '1962-09-25', '$2b$10$aMG1tJGuDyvYJQYi/J4CA.zwvfOXz0jIxSI2Oj6nLF1fHsqd2wasy', '2025-05-30 23:55:16', '2025-05-30 23:55:16'),
('01b808dc-3e87-4409-8465-bc7554369bf9', 'Miss Courtney Medhurst', 'Stone.Okuneva@gmail.com', '1982-07-24', '$2b$10$aMG1tJGuDyvYJQYi/J4CA.zwvfOXz0jIxSI2Oj6nLF1fHsqd2wasy', '2025-05-30 23:55:16', '2025-05-30 23:55:16'),
('40863771-e19b-48e1-ba9c-bfca8f6d9369', 'Margie Parker', 'Hector_MacGyver@yahoo.com', '1963-10-18', '$2b$10$aMG1tJGuDyvYJQYi/J4CA.zwvfOXz0jIxSI2Oj6nLF1fHsqd2wasy', '2025-05-30 23:55:16', '2025-05-30 23:55:16'),
('45c6baf3-c616-4872-ac25-d4fea0ef487a', 'Dr. John Goldner', 'Adam_Armstrong-Sporer@hotmail.com', '1989-06-19', '$2b$10$aMG1tJGuDyvYJQYi/J4CA.zwvfOXz0jIxSI2Oj6nLF1fHsqd2wasy', '2025-05-30 23:55:16', '2025-05-30 23:55:16'),
('57103833-08e3-49d4-8da5-d7798a3c4c4d', 'Rafael Nienow', 'Thora73@gmail.com', '1979-09-23', '$2b$10$aMG1tJGuDyvYJQYi/J4CA.zwvfOXz0jIxSI2Oj6nLF1fHsqd2wasy', '2025-05-30 23:55:16', '2025-05-30 23:55:16'),
('fa8ca8d5-65f1-4e8f-8ecc-087a7affd3a6', 'Lawrence Cruickshank', 'Lauryn83@yahoo.com', '1959-06-20', '$2b$10$aMG1tJGuDyvYJQYi/J4CA.zwvfOXz0jIxSI2Oj6nLF1fHsqd2wasy', '2025-05-30 23:55:16', '2025-05-30 23:55:16'),
('8eea7dcc-088c-4a61-8171-0d15afee4f65', 'Traci Treutel', 'Ryley7@gmail.com', '1998-12-10', '$2b$10$aMG1tJGuDyvYJQYi/J4CA.zwvfOXz0jIxSI2Oj6nLF1fHsqd2wasy', '2025-05-30 23:55:16', '2025-05-30 23:55:16'),
('b09dec3d-7cb7-48cd-9215-4e43c2967776', 'Mr. Sylvester Cassin III', 'Kira.Tremblay@gmail.com', '1988-05-04', '$2b$10$aMG1tJGuDyvYJQYi/J4CA.zwvfOXz0jIxSI2Oj6nLF1fHsqd2wasy', '2025-05-30 23:55:16', '2025-05-30 23:55:16'),
('cb5bc8e9-9a4e-43b2-a4be-25fa49898c5b', 'Ada Dare', 'Jess.Okuneva97@gmail.com', '1979-12-28', '$2b$10$aMG1tJGuDyvYJQYi/J4CA.zwvfOXz0jIxSI2Oj6nLF1fHsqd2wasy', '2025-05-30 23:55:16', '2025-05-30 23:55:16'),
('b7b3b398-1b08-4d62-b0f5-2e9e48a8ea5b', 'Neil O''Reilly', 'Melyssa.Nitzsche@hotmail.com', '1984-02-25', '$2b$10$aMG1tJGuDyvYJQYi/J4CA.zwvfOXz0jIxSI2Oj6nLF1fHsqd2wasy', '2025-05-30 23:55:16', '2025-05-30 23:55:16'),
('00657749-55e8-4392-b066-839ce730e912', 'Victoria Witting', 'Mariana67@yahoo.com', '1988-06-13', '$2b$10$aMG1tJGuDyvYJQYi/J4CA.zwvfOXz0jIxSI2Oj6nLF1fHsqd2wasy', '2025-05-30 23:55:16', '2025-05-30 23:55:16'),
('163e0a0d-7516-4d27-b7b7-bbe14f6c0918', 'Meredith Lehner', 'Tremayne.Howe@hotmail.com', '1982-07-01', '$2b$10$aMG1tJGuDyvYJQYi/J4CA.zwvfOXz0jIxSI2Oj6nLF1fHsqd2wasy', '2025-05-30 23:55:16', '2025-05-30 23:55:16'),
('fc4b330b-0e94-43b6-be94-25c7b48aa975', 'Wallace Hettinger', 'Zena92@hotmail.com', '1966-04-15', '$2b$10$aMG1tJGuDyvYJQYi/J4CA.zwvfOXz0jIxSI2Oj6nLF1fHsqd2wasy', '2025-05-30 23:55:16', '2025-05-30 23:55:16'),
('ae995e28-605d-4eb2-8a87-41736bda5c64', 'Fannie Harvey', 'Jaeden8@yahoo.com', '1993-12-05', '$2b$10$aMG1tJGuDyvYJQYi/J4CA.zwvfOXz0jIxSI2Oj6nLF1fHsqd2wasy', '2025-05-30 23:55:16', '2025-05-30 23:55:16'),
('2f137ce6-3e58-43b0-bda9-2a6b741c7498', 'Joshua Jakubowski', 'Danika.Runte10@yahoo.com', '1972-12-10', '$2b$10$aMG1tJGuDyvYJQYi/J4CA.zwvfOXz0jIxSI2Oj6nLF1fHsqd2wasy', '2025-05-30 23:55:16', '2025-05-30 23:55:16'),
('d8873431-3264-45d3-93d2-a2efdcb7a634', 'Hugo Rice I', 'Stella60@gmail.com', '1966-01-13', '$2b$10$aMG1tJGuDyvYJQYi/J4CA.zwvfOXz0jIxSI2Oj6nLF1fHsqd2wasy', '2025-05-30 23:55:16', '2025-05-30 23:55:16'),
('b3d4457d-75cb-4ed8-9a01-9565c47b64b8', 'Amos Braun', 'Aurelie_Grady13@yahoo.com', '2000-03-17', '$2b$10$aMG1tJGuDyvYJQYi/J4CA.zwvfOXz0jIxSI2Oj6nLF1fHsqd2wasy', '2025-05-30 23:55:16', '2025-05-30 23:55:16'),
('c4e3e269-1dcb-4e62-a4ca-1204b52ff86f', 'Leslie Steuber', 'Gregorio_Monahan@gmail.com', '1975-07-08', '$2b$10$aMG1tJGuDyvYJQYi/J4CA.zwvfOXz0jIxSI2Oj6nLF1fHsqd2wasy', '2025-05-30 23:55:16', '2025-05-30 23:55:16'),
('beb7b2f9-e78f-4b48-a3a2-c5dbf41fec69', 'Melody Stiedemann', 'Marcelino.Hills@yahoo.com', '1993-08-17', '$2b$10$aMG1tJGuDyvYJQYi/J4CA.zwvfOXz0jIxSI2Oj6nLF1fHsqd2wasy', '2025-05-30 23:55:16', '2025-05-30 23:55:16'),
('a6c8da09-e85e-4fd9-87ec-86d601bbd9a7', 'Maurice Hegmann', 'Sierra33@hotmail.com', '1967-10-30', '$2b$10$aMG1tJGuDyvYJQYi/J4CA.zwvfOXz0jIxSI2Oj6nLF1fHsqd2wasy', '2025-05-30 23:55:16', '2025-05-30 23:55:16'),
('9c667137-5e8a-4136-93a1-1ffd22a353cf', 'Tonya Langworth', 'Brittany.Abbott@gmail.com', '1961-08-27', '$2b$10$aMG1tJGuDyvYJQYi/J4CA.zwvfOXz0jIxSI2Oj6nLF1fHsqd2wasy', '2025-05-30 23:55:16', '2025-05-30 23:55:16'),
('7fa050b5-58a9-4b21-93a8-68cd5cebb811', 'Clyde Rutherford', 'Jeremy_Jacobson-Prohaska@gmail.com', '1981-08-06', '$2b$10$aMG1tJGuDyvYJQYi/J4CA.zwvfOXz0jIxSI2Oj6nLF1fHsqd2wasy', '2025-05-30 23:55:16', '2025-05-30 23:55:16'),
('d39f9df6-c0a7-4c1c-b82c-0e20e862b194', 'Jana Quitzon MD', 'Eriberto_Jones8@yahoo.com', '2000-03-01', '$2b$10$aMG1tJGuDyvYJQYi/J4CA.zwvfOXz0jIxSI2Oj6nLF1fHsqd2wasy', '2025-05-30 23:55:16', '2025-05-30 23:55:16'),
('a4081489-41f2-4d9a-8707-df1cf6a6703c', 'Harriet Lakin', 'Novella92@hotmail.com', '1990-02-12', '$2b$10$aMG1tJGuDyvYJQYi/J4CA.zwvfOXz0jIxSI2Oj6nLF1fHsqd2wasy', '2025-05-30 23:55:16', '2025-05-30 23:55:16'),
('af69dee0-e97b-4cb2-b1e0-2259c0864e0a', 'Mark Conn', 'Ray_Ward@yahoo.com', '1984-05-14', '$2b$10$aMG1tJGuDyvYJQYi/J4CA.zwvfOXz0jIxSI2Oj6nLF1fHsqd2wasy', '2025-05-30 23:55:16', '2025-05-30 23:55:16'),
('85ee441a-ce2b-4223-873c-6a1f1d953eae', 'Anthony Russel', 'Ezekiel_Maggio@yahoo.com', '2001-06-09', '$2b$10$aMG1tJGuDyvYJQYi/J4CA.zwvfOXz0jIxSI2Oj6nLF1fHsqd2wasy', '2025-05-30 23:55:16', '2025-05-30 23:55:16'),
('0c9739cf-aa96-4ba9-bd57-69cabfb98385', 'Doug Labadie', 'Alan35@yahoo.com', '1950-12-09', '$2b$10$aMG1tJGuDyvYJQYi/J4CA.zwvfOXz0jIxSI2Oj6nLF1fHsqd2wasy', '2025-05-30 23:55:16', '2025-05-30 23:55:16'),
('a9978ddf-3dbf-40a2-8f9a-cea94f8b1260', 'Betty Lind', 'Esmeralda_Hegmann63@hotmail.com', '1983-08-11', '$2b$10$aMG1tJGuDyvYJQYi/J4CA.zwvfOXz0jIxSI2Oj6nLF1fHsqd2wasy', '2025-05-30 23:55:16', '2025-05-30 23:55:16'),
('e305701c-ae97-4abb-89c9-772a80807113', 'Anthony Rice', 'Jake.Turner92@yahoo.com', '1990-02-12', '$2b$10$aMG1tJGuDyvYJQYi/J4CA.zwvfOXz0jIxSI2Oj6nLF1fHsqd2wasy', '2025-05-30 23:55:16', '2025-05-30 23:55:16'),
('620df68c-0361-4653-84cf-c7986e30d604', 'Roberta Wintheiser', 'Kaylie_Koepp-Kris@gmail.com', '1983-07-09', '$2b$10$aMG1tJGuDyvYJQYi/J4CA.zwvfOXz0jIxSI2Oj6nLF1fHsqd2wasy', '2025-05-30 23:55:16', '2025-05-30 23:55:16'),
('94ccb1d6-a083-4467-98ce-2c4dfadf3f60', 'Alfonso Runte', 'Misty_Schinner15@yahoo.com', '1996-09-22', '$2b$10$aMG1tJGuDyvYJQYi/J4CA.zwvfOXz0jIxSI2Oj6nLF1fHsqd2wasy', '2025-05-30 23:55:16', '2025-05-30 23:55:16'),
('6d288a29-3097-4480-8144-8b1fc70e1551', 'Brandi Deckow', 'Fausto90@gmail.com', '1973-05-21', '$2b$10$aMG1tJGuDyvYJQYi/J4CA.zwvfOXz0jIxSI2Oj6nLF1fHsqd2wasy', '2025-05-30 23:55:16', '2025-05-30 23:55:16'),
('775b9e7d-d04f-4823-9025-c62f0788723d', 'Grace Murazik', 'Josefina_Cartwright@gmail.com', '1991-06-14', '$2b$10$aMG1tJGuDyvYJQYi/J4CA.zwvfOXz0jIxSI2Oj6nLF1fHsqd2wasy', '2025-05-30 23:55:16', '2025-05-30 23:55:16'),
('9c611577-cbaf-4aae-8461-89bdb174507a', 'Dr. Latoya Ondricka', 'Katrina_Schmeler@yahoo.com', '1957-02-17', '$2b$10$aMG1tJGuDyvYJQYi/J4CA.zwvfOXz0jIxSI2Oj6nLF1fHsqd2wasy', '2025-05-30 23:55:16', '2025-05-30 23:55:16'),
('038dbddb-ef13-4b5d-8891-37fbff07f67b', 'Gwen Greenholt', 'Michele.Ortiz36@hotmail.com', '2003-01-02', '$2b$10$aMG1tJGuDyvYJQYi/J4CA.zwvfOXz0jIxSI2Oj6nLF1fHsqd2wasy', '2025-05-30 23:55:16', '2025-05-30 23:55:16'),
('440f5fc3-b2a2-4723-b039-ca6b908d604b', 'Drew Nader', 'Elroy.Homenick8@hotmail.com', '1998-06-21', '$2b$10$aMG1tJGuDyvYJQYi/J4CA.zwvfOXz0jIxSI2Oj6nLF1fHsqd2wasy', '2025-05-30 23:55:16', '2025-05-30 23:55:16'),
('6cd6b652-3247-4060-8d4f-6584e43d9ae5', 'Toby Carroll', 'Faustino.Rolfson@hotmail.com', '1988-10-10', '$2b$10$aMG1tJGuDyvYJQYi/J4CA.zwvfOXz0jIxSI2Oj6nLF1fHsqd2wasy', '2025-05-30 23:55:16', '2025-05-30 23:55:16'),
('92b92a7f-1005-4541-ba21-7d385f005c70', 'Joan Kutch', 'Mable_Reichel-Davis66@hotmail.com', '1988-11-11', '$2b$10$aMG1tJGuDyvYJQYi/J4CA.zwvfOXz0jIxSI2Oj6nLF1fHsqd2wasy', '2025-05-30 23:55:16', '2025-05-30 23:55:16'),
('0bd11b41-33c9-43e2-b9b9-9d029e13c9d2', 'Floyd Mraz', 'Gladyce_Shanahan@hotmail.com', '1996-01-22', '$2b$10$aMG1tJGuDyvYJQYi/J4CA.zwvfOXz0jIxSI2Oj6nLF1fHsqd2wasy', '2025-05-30 23:55:16', '2025-05-30 23:55:16'),
('97e181b8-8126-43b7-bbd4-e450398da807', 'Darrell Murray', 'Marcella_Skiles56@yahoo.com', '1959-08-08', '$2b$10$aMG1tJGuDyvYJQYi/J4CA.zwvfOXz0jIxSI2Oj6nLF1fHsqd2wasy', '2025-05-30 23:55:16', '2025-05-30 23:55:16'),
('2d52c4fe-8f25-4ba2-b3f4-699be2bc6208', 'Marcus Nienow', 'Tanner_Morissette25@hotmail.com', '1999-05-23', '$2b$10$aMG1tJGuDyvYJQYi/J4CA.zwvfOXz0jIxSI2Oj6nLF1fHsqd2wasy', '2025-05-30 23:55:16', '2025-05-30 23:55:16'),
('19bdf697-62a6-4231-8b1f-cf11efa1b479', 'Philip Dickinson', 'Quentin_Ruecker56@yahoo.com', '1988-11-22', '$2b$10$aMG1tJGuDyvYJQYi/J4CA.zwvfOXz0jIxSI2Oj6nLF1fHsqd2wasy', '2025-05-30 23:55:16', '2025-05-30 23:55:16'),
('d5759992-f813-4c7d-a200-ad34d48c721e', 'Shaun Bode Jr.', 'John95@gmail.com', '1979-02-08', '$2b$10$aMG1tJGuDyvYJQYi/J4CA.zwvfOXz0jIxSI2Oj6nLF1fHsqd2wasy', '2025-05-30 23:55:16', '2025-05-30 23:55:16');
INSERT INTO user_address (id, user_id, street, city) VALUES
(1, '87524168-762c-4d5f-aaf3-17332c3a97b7', '848 Ash Street', 'North Zena'),
(2, 'c1d32a50-12a6-4387-bee9-bb18b6d6172d', '584 Davonte Isle', 'East Ladariusmouth'),
(3, '7f7b099b-93d2-4e67-98df-763ad0dfa735', '84594 Chester Road', 'Malden'),
(4, '61f79f0c-1e58-43a0-a7e4-39767374f372', '9722 Beech Drive', 'Medford'),
(5, '5c80cb03-1cbe-4c61-8ad6-fcb2553b2f47', '37073 Wilton Well', 'Lianamouth'),
(6, '83b8bd48-d213-4b20-a889-4c60ab48d278', '510 Schimmel Loaf', 'Delfinafort'),
(7, '3aeb3257-4b14-46cf-bfb5-76d38622691d', '43513 Durgan Forge', 'North Dewitt'),
(8, '39a5d8aa-f7aa-490d-b0f8-2592836c0b9e', '87871 Airport Road', 'Flaviefurt'),
(9, '124c5316-c4b8-45de-805d-bba2b91365d9', '46127 Clementina Pass', 'Champlinville'),
(10, 'b56796ec-2855-4061-aa4b-e96f508a348b', '19987 Berenice Underpass', 'South Rubye'),
(11, 'b1b58191-25e8-485b-9695-1c97df9de73b', '624 Kozey Mountain', 'North Chaim'),
(12, 'd5a37ebf-9a88-4f8a-8a74-5aed7c9b52b5', '7635 Batz Burg', 'Marilynestad'),
(13, '3535923b-cbb1-4139-a741-473d01432000', '6343 Stanley Road', 'Bartellview'),
(14, '74585774-6cd3-4e5d-a7fb-d78fe5cbb69c', '32865 Mauricio Field', 'McClurechester'),
(15, 'd31e1d7c-fd46-44ca-8031-475badc141ec', '366 Considine Greens', 'Welchborough'),
(16, '61e30943-02fd-4293-937d-81990d3d0540', '8184 Macejkovic Coves', 'Fort Joana'),
(17, '031dc2ca-bacf-4747-8665-9c3cc515695d', '7947 Boyle Mall', 'Riverton'),
(18, '63f09f03-429f-4962-afc4-5cc827a36e15', '100 Senger Ranch', 'Wilfridworth'),
(19, 'b22c2be5-65ea-4aa2-9a20-d679d10b5ba4', '210 Grove Street', 'Hackensack'),
(20, '375f3886-f56f-436f-92ba-7aa353168daa', '774 Treutel Streets', 'St. Charles'),
(21, 'af29e309-4c13-40e8-a1e7-d82246e0f8fa', '785 Holly Close', 'Shanahanton'),
(22, '23dbd832-3eab-41fe-b78d-97af7d38b57a', '934 Ruthe Lane', 'Hubertborough'),
(23, 'a172e099-0cb3-4f73-b0bc-15dfc4b687c7', '6714 Rectory Lane', 'Armandoborough'),
(24, '7134422d-01fb-46e6-802e-6e67b4c83e3d', '83372 White Unions', 'Lake Kacey'),
(25, '0c16fc06-2434-4e91-92e8-459350c07910', '2036 N Oak Street', 'West Raphael'),
(26, 'd11e95c9-a52a-48ee-90c5-8480fea7d17b', '5615 E Washington Street', 'St. Cloud'),
(27, 'fe808afb-1f02-46b8-a5f5-d7328bae32a5', '68432 Aglae Turnpike', 'Pearliechester'),
(28, '0479a9cf-affd-49b7-8d86-5a387c272401', '119 Cooper Garden', 'Osinskistad'),
(29, '577125c8-3f1d-41b7-9802-6f409e769372', '896 Birch Grove', 'Austinville'),
(30, '3bdff5c2-7ad9-4417-9dfd-9467399f5c43', '1162 Gottlieb Lane', 'Ryanworth'),
(31, '7d2b6ff3-289a-48db-a4cb-8676323d9a12', '792 2nd Avenue', 'Cleveland Heights'),
(32, '5cb2023c-1f0d-4dcf-8ef6-78cbe3374f8e', '107 Bria Well', 'Lake Havasu City'),
(33, 'd1eacecd-452e-47be-912e-e94688167bcc', '4429 Willow Street', 'Fort Khalidboro'),
(34, 'bc1c13b2-7c6d-40eb-95ca-c406264be899', '234 Eli Coves', 'Greysoncester'),
(35, 'bc0cdbf7-b23b-4cfb-a252-669a15a7eb7a', '5345 1st Avenue', 'Kylastead'),
(36, 'db96a1f9-c0e3-4732-a146-3962f5761515', '158 Rath Hills', 'East Cheyennefurt'),
(37, 'ea2b7999-df5d-4eb8-99e3-2aa8cb333f2f', '11494 Ervin Estates', 'Mayerborough'),
(38, 'f6fa32f8-9c67-4cd6-aece-d344ad307be8', '63586 Effertz Wells', 'East Laceystad'),
(39, '01baad0c-23d5-434e-a7c3-24bf3dd8791b', '763 Mill Road', 'Port Miloport'),
(40, '4e83d9cb-b5d0-4ebf-bfeb-151d9c553069', '4156 W Broadway Avenue', 'Lake Otischester'),
(41, 'b93fd381-790f-4541-9ccc-21544f61cd70', '71897 S College Street', 'Evelynboro'),
(42, 'abbba6f8-2ba8-47e7-9fdb-f9e1dcb9e714', '362 Nader Track', 'Gabrielport'),
(43, 'b09140b7-eef3-44c3-840e-3ae8206b73b9', '168 Tremayne Glen', 'New Normaport'),
(44, 'bf8a2e8d-010f-41fe-a27e-3f498f31bcd1', '70814 Devonshire Road', 'New Emieton'),
(45, '98556715-8e27-4fbb-92d2-dd56e115f273', '17682 Laburnum Grove', 'Lednertown'),
(46, '1f98faa4-17df-4577-b214-11f8a522c47b', '8671 Lockman Road', 'Nicholasport'),
(47, 'd8517133-6754-43fe-9e7c-e739a8b1a3b1', '32399 Blanda Haven', 'Kathryneside'),
(48, '101fb34c-d183-40e2-a70f-93847a236b00', '93493 The Poplars', 'Urbandale'),
(49, '5539f2f2-92fe-4927-ade0-e2759e78ecfb', '505 N Harrison Street', 'New Lorenbury'),
(50, 'aff3b386-8467-4c69-9e30-acc5a72dc2d8', '99099 Park Place', 'Lynchview'),
(51, 'ae4d37df-7d78-4160-9160-502cc9209a92', '449 W North Street', 'Elenoraview'),
(52, '9700c1fe-4192-4158-ba73-96ab547c0ff8', '17248 Emilie Mews', 'Masonstead'),
(53, 'e39d3cd9-3e8f-43ac-b8dd-4c80f6de15a9', '16672 George Street', 'New Mitchel'),
(54, 'cbdf99c9-e0ba-422c-b0d4-07c6d8fda943', '73266 Tatyana Plaza', 'Alvisberg'),
(55, '620204e3-ce53-4bcd-be6e-c3ffdfa73090', '44275 Wellington Road', 'Kesslerworth'),
(56, '372fa4bb-b72c-4db8-8da0-9b0d9deb6703', '9547 Elm Grove', 'North Melissa'),
(57, '8d723f41-1b2b-4e8a-9ec8-f00b7b8263c5', '291 Wilhelm Heights', 'Ondrickahaven'),
(58, '9ae9e9ad-748c-4f06-bb3b-41ef9681eb96', '307 Darrion Plains', 'North Donald'),
(59, '01b808dc-3e87-4409-8465-bc7554369bf9', '7560 Jensen Forks', 'Independence'),
(60, '40863771-e19b-48e1-ba9c-bfca8f6d9369', '716 Crescent Road', 'Fort Devynworth'),
(61, '45c6baf3-c616-4872-ac25-d4fea0ef487a', '7127 St George''s Road', 'South Hill'),
(62, '57103833-08e3-49d4-8da5-d7798a3c4c4d', '90800 S Grand Avenue', 'Sanfordcester'),
(63, 'fa8ca8d5-65f1-4e8f-8ecc-087a7affd3a6', '443 Zander Pike', 'Schmidtton'),
(64, '8eea7dcc-088c-4a61-8171-0d15afee4f65', '61841 The Spinney', 'New Alisa'),
(65, 'b09dec3d-7cb7-48cd-9215-4e43c2967776', '96027 Brayan Harbor', 'South Maxineside'),
(66, 'cb5bc8e9-9a4e-43b2-a4be-25fa49898c5b', '73205 Garden Close', 'Volkmanborough'),
(67, 'b7b3b398-1b08-4d62-b0f5-2e9e48a8ea5b', '90111 Shields Common', 'Kent'),
(68, '00657749-55e8-4392-b066-839ce730e912', '26162 Reed Hill', 'Donnellymouth'),
(69, '163e0a0d-7516-4d27-b7b7-bbe14f6c0918', '17598 Bayer Fields', 'Lake Zoila'),
(70, 'fc4b330b-0e94-43b6-be94-25c7b48aa975', '839 Daniella Canyon', 'Mountain View'),
(71, 'ae995e28-605d-4eb2-8a87-41736bda5c64', '905 Springfield Close', 'Kalebport'),
(72, '2f137ce6-3e58-43b0-bda9-2a6b741c7498', '741 Nicolas Roads', 'Linwoodstead'),
(73, 'd8873431-3264-45d3-93d2-a2efdcb7a634', '8584 Mayer Mill', 'Port Joaniemouth'),
(74, 'b3d4457d-75cb-4ed8-9a01-9565c47b64b8', '7634 Lelah Junction', 'Titusville'),
(75, 'c4e3e269-1dcb-4e62-a4ca-1204b52ff86f', '67800 10th Street', 'Port Rachelstead'),
(76, 'beb7b2f9-e78f-4b48-a3a2-c5dbf41fec69', '5178 Manor Gardens', 'Tulsa'),
(77, 'a6c8da09-e85e-4fd9-87ec-86d601bbd9a7', '4710 Windler Mill', 'Jasenburgh'),
(78, '9c667137-5e8a-4136-93a1-1ffd22a353cf', '939 Second Avenue', 'West Morris'),
(79, '7fa050b5-58a9-4b21-93a8-68cd5cebb811', '739 Fore Street', 'North Lillaboro'),
(80, 'd39f9df6-c0a7-4c1c-b82c-0e20e862b194', '117 Sipes Heights', 'Parisfurt'),
(81, 'a4081489-41f2-4d9a-8707-df1cf6a6703c', '8161 Wunsch Stravenue', 'Tyler'),
(82, 'af69dee0-e97b-4cb2-b1e0-2259c0864e0a', '701 Dach Flat', 'Bauchport'),
(83, '85ee441a-ce2b-4223-873c-6a1f1d953eae', '428 S Jackson Street', 'Southaven'),
(84, '0c9739cf-aa96-4ba9-bd57-69cabfb98385', '23957 Newton Road', 'New Reynaborough'),
(85, 'a9978ddf-3dbf-40a2-8f9a-cea94f8b1260', '27937 Orrin Lodge', 'Lizethboro'),
(86, 'e305701c-ae97-4abb-89c9-772a80807113', '6210 Green Heights', 'Bartellfort'),
(87, '620df68c-0361-4653-84cf-c7986e30d604', '58546 Alden Ville', 'New Rico'),
(88, '94ccb1d6-a083-4467-98ce-2c4dfadf3f60', '1299 Stephen Extension', 'Jamarboro'),
(89, '6d288a29-3097-4480-8144-8b1fc70e1551', '8906 Orchard Road', 'New Giovannystead'),
(90, '775b9e7d-d04f-4823-9025-c62f0788723d', '850 Berge Ports', 'Swiftton'),
(91, '9c611577-cbaf-4aae-8461-89bdb174507a', '914 Kingsway', 'Lisandroville'),
(92, '038dbddb-ef13-4b5d-8891-37fbff07f67b', '96879 Corkery Junctions', 'Berkeley'),
(93, '440f5fc3-b2a2-4723-b039-ca6b908d604b', '13169 Hall Street', 'Alainaland'),
(94, '6cd6b652-3247-4060-8d4f-6584e43d9ae5', '4466 Gudrun Curve', 'East Laurenside'),
(95, '92b92a7f-1005-4541-ba21-7d385f005c70', '59543 Alvis Viaduct', 'Port Kianabury'),
(96, '0bd11b41-33c9-43e2-b9b9-9d029e13c9d2', '4517 Clovis Trafficway', 'Aliso Viejo'),
(97, '97e181b8-8126-43b7-bbd4-e450398da807', '79291 Immanuel Forges', 'Walterhaven'),
(98, '2d52c4fe-8f25-4ba2-b3f4-699be2bc6208', '218 Kirk Keys', 'Flatleyhaven'),
(99, '19bdf697-62a6-4231-8b1f-cf11efa1b479', '82221 State Avenue', 'Schimmelchester'),
(100, 'd5759992-f813-4c7d-a200-ad34d48c721e', '8246 Gloucester Road', 'South Odie');
INSERT INTO user_profile (id, user_id, photo) VALUES
(1, '87524168-762c-4d5f-aaf3-17332c3a97b7', 'technician_but.pkg'),
(2, 'c1d32a50-12a6-4387-bee9-bb18b6d6172d', 'oh_that_battle.3gpp'),
(3, '7f7b099b-93d2-4e67-98df-763ad0dfa735', 'dicker_handful.mpg4'),
(4, '61f79f0c-1e58-43a0-a7e4-39767374f372', 'supposing.bz2'),
(5, '5c80cb03-1cbe-4c61-8ad6-fcb2553b2f47', 'cow.html'),
(6, '83b8bd48-d213-4b20-a889-4c60ab48d278', 'fictionalize_consequently.pkg'),
(7, '3aeb3257-4b14-46cf-bfb5-76d38622691d', 'worthless_deep_blah.boz'),
(8, '39a5d8aa-f7aa-490d-b0f8-2592836c0b9e', 'tenant_athletic_alarmed.svgz'),
(9, '124c5316-c4b8-45de-805d-bba2b91365d9', 'boo_excitedly_if.js'),
(10, 'b56796ec-2855-4061-aa4b-e96f508a348b', 'arrogantly_tightly_nor.vst'),
(11, 'b1b58191-25e8-485b-9695-1c97df9de73b', 'overspend_upon_inasmuch.m2a'),
(12, 'd5a37ebf-9a88-4f8a-8a74-5aed7c9b52b5', 'overfeed_however_bidet.mp4v'),
(13, '3535923b-cbb1-4139-a741-473d01432000', 'remand.weba'),
(14, '74585774-6cd3-4e5d-a7fb-d78fe5cbb69c', 'interestingly_of.doc'),
(15, 'd31e1d7c-fd46-44ca-8031-475badc141ec', 'supposing.sh'),
(16, '61e30943-02fd-4293-937d-81990d3d0540', 'back.oga'),
(17, '031dc2ca-bacf-4747-8665-9c3cc515695d', 'glisten.woff2'),
(18, '63f09f03-429f-4962-afc4-5cc827a36e15', 'whoever_for.opus'),
(19, 'b22c2be5-65ea-4aa2-9a20-d679d10b5ba4', 'palatable_following.vsd'),
(20, '375f3886-f56f-436f-92ba-7aa353168daa', 'enfold_gee.boz'),
(21, 'af29e309-4c13-40e8-a1e7-d82246e0f8fa', 'because_unusual.gif'),
(22, '23dbd832-3eab-41fe-b78d-97af7d38b57a', 'ick_disk_stable.war'),
(23, 'a172e099-0cb3-4f73-b0bc-15dfc4b687c7', 'wildly.eot'),
(24, '7134422d-01fb-46e6-802e-6e67b4c83e3d', 'but_between.m2v'),
(25, '0c16fc06-2434-4e91-92e8-459350c07910', 'insignificant_zowie_programme.woff2'),
(26, 'd11e95c9-a52a-48ee-90c5-8480fea7d17b', 'shameful_goodwill_doting.pkg'),
(27, 'fe808afb-1f02-46b8-a5f5-d7328bae32a5', 'so.mjs'),
(28, '0479a9cf-affd-49b7-8d86-5a387c272401', 'endow_retool.3gpp'),
(29, '577125c8-3f1d-41b7-9802-6f409e769372', 'consequently_minus_next.text'),
(30, '3bdff5c2-7ad9-4417-9dfd-9467399f5c43', 'grim_serialize_weird.js'),
(31, '7d2b6ff3-289a-48db-a4cb-8676323d9a12', 'intent.odp'),
(32, '5cb2023c-1f0d-4dcf-8ef6-78cbe3374f8e', 'geez_to_unnecessarily.xls'),
(33, 'd1eacecd-452e-47be-912e-e94688167bcc', 'authentic.text'),
(34, 'bc1c13b2-7c6d-40eb-95ca-c406264be899', 'gadzooks.otf'),
(35, 'bc0cdbf7-b23b-4cfb-a252-669a15a7eb7a', 'staid.avif'),
(36, 'db96a1f9-c0e3-4732-a146-3962f5761515', 'ouch_uselessly_fledgling.elc'),
(37, 'ea2b7999-df5d-4eb8-99e3-2aa8cb333f2f', 'until.oga'),
(38, 'f6fa32f8-9c67-4cd6-aece-d344ad307be8', 'foolishly_devoted.abw'),
(39, '01baad0c-23d5-434e-a7c3-24bf3dd8791b', 'mmm.vsd'),
(40, '4e83d9cb-b5d0-4ebf-bfeb-151d9c553069', 'mortally_hopelessly_boo.xml'),
(41, 'b93fd381-790f-4541-9ccc-21544f61cd70', 'by.mjs'),
(42, 'abbba6f8-2ba8-47e7-9fdb-f9e1dcb9e714', 'chunder.txt'),
(43, 'b09140b7-eef3-44c3-840e-3ae8206b73b9', 'wilted.midi'),
(44, 'bf8a2e8d-010f-41fe-a27e-3f498f31bcd1', 'plus.dmg'),
(45, '98556715-8e27-4fbb-92d2-dd56e115f273', 'daily_browse.rng'),
(46, '1f98faa4-17df-4577-b214-11f8a522c47b', 'unto_crest.xla'),
(47, 'd8517133-6754-43fe-9e7c-e739a8b1a3b1', 'bolster.bin'),
(48, '101fb34c-d183-40e2-a70f-93847a236b00', 'politely.epub'),
(49, '5539f2f2-92fe-4927-ade0-e2759e78ecfb', 'appropriate.ppt'),
(50, 'aff3b386-8467-4c69-9e30-acc5a72dc2d8', 'worriedly.woff'),
(51, 'ae4d37df-7d78-4160-9160-502cc9209a92', 'after_crank.mpe'),
(52, '9700c1fe-4192-4158-ba73-96ab547c0ff8', 'decouple.htm'),
(53, 'e39d3cd9-3e8f-43ac-b8dd-4c80f6de15a9', 'aboard_viciously.webm'),
(54, 'cbdf99c9-e0ba-422c-b0d4-07c6d8fda943', 'fooey_thread.abw'),
(55, '620204e3-ce53-4bcd-be6e-c3ffdfa73090', 'chilly_who_finally.log'),
(56, '372fa4bb-b72c-4db8-8da0-9b0d9deb6703', 'upwardly.webm'),
(57, '8d723f41-1b2b-4e8a-9ec8-f00b7b8263c5', 'instead.csv'),
(58, '9ae9e9ad-748c-4f06-bb3b-41ef9681eb96', 'boo_so_casket.avi'),
(59, '01b808dc-3e87-4409-8465-bc7554369bf9', 'aside_usually_gee.dist'),
(60, '40863771-e19b-48e1-ba9c-bfca8f6d9369', 'good_natured_porter.gz'),
(61, '45c6baf3-c616-4872-ac25-d4fea0ef487a', 'since_inside_treasure.xsl'),
(62, '57103833-08e3-49d4-8da5-d7798a3c4c4d', 'likewise.text'),
(63, 'fa8ca8d5-65f1-4e8f-8ecc-087a7affd3a6', 'um_what_gasp.woff'),
(64, '8eea7dcc-088c-4a61-8171-0d15afee4f65', 'ack_makeover.mpeg'),
(65, 'b09dec3d-7cb7-48cd-9215-4e43c2967776', 'minion.csh'),
(66, 'cb5bc8e9-9a4e-43b2-a4be-25fa49898c5b', 'yum.jpe'),
(67, 'b7b3b398-1b08-4d62-b0f5-2e9e48a8ea5b', 'boldly.ts'),
(68, '00657749-55e8-4392-b066-839ce730e912', 'worldly_politely.tiff'),
(69, '163e0a0d-7516-4d27-b7b7-bbe14f6c0918', 'inwardly.xlt'),
(70, 'fc4b330b-0e94-43b6-be94-25c7b48aa975', 'violin.mpkg'),
(71, 'ae995e28-605d-4eb2-8a87-41736bda5c64', 'drive_finally_royal.spx'),
(72, '2f137ce6-3e58-43b0-bda9-2a6b741c7498', 'precious.xla'),
(73, 'd8873431-3264-45d3-93d2-a2efdcb7a634', 'overheard.def'),
(74, 'b3d4457d-75cb-4ed8-9a01-9565c47b64b8', 'navigate.shtml'),
(75, 'c4e3e269-1dcb-4e62-a4ca-1204b52ff86f', 'consequently_whoever.ear'),
(76, 'beb7b2f9-e78f-4b48-a3a2-c5dbf41fec69', 'cardboard_pish.ogx'),
(77, 'a6c8da09-e85e-4fd9-87ec-86d601bbd9a7', 'shoulder_unfortunately.xml'),
(78, '9c667137-5e8a-4136-93a1-1ffd22a353cf', 'freight.json'),
(79, '7fa050b5-58a9-4b21-93a8-68cd5cebb811', 'except_besides_against.odt'),
(80, 'd39f9df6-c0a7-4c1c-b82c-0e20e862b194', 'ack_mid_male.png'),
(81, 'a4081489-41f2-4d9a-8707-df1cf6a6703c', 'trained_siege_anti.in'),
(82, 'af69dee0-e97b-4cb2-b1e0-2259c0864e0a', 'because_hmph_negative.tar'),
(83, '85ee441a-ce2b-4223-873c-6a1f1d953eae', 'physically.tar'),
(84, '0c9739cf-aa96-4ba9-bd57-69cabfb98385', 'worst.gif'),
(85, 'a9978ddf-3dbf-40a2-8f9a-cea94f8b1260', 'familiarize_geez_verbally.xsd'),
(86, 'e305701c-ae97-4abb-89c9-772a80807113', 'so_within_lest.wav'),
(87, '620df68c-0361-4653-84cf-c7986e30d604', 'smoothly_flawed_enthusiastically.mpga'),
(88, '94ccb1d6-a083-4467-98ce-2c4dfadf3f60', 'than_infamous_harvest.abw'),
(89, '6d288a29-3097-4480-8144-8b1fc70e1551', 'faint_eek.shtml'),
(90, '775b9e7d-d04f-4823-9025-c62f0788723d', 'modulo.mp3'),
(91, '9c611577-cbaf-4aae-8461-89bdb174507a', 'oof_next_nifty.dmg'),
(92, '038dbddb-ef13-4b5d-8891-37fbff07f67b', 'ultimate_properly.lrf'),
(93, '440f5fc3-b2a2-4723-b039-ca6b908d604b', 'likewise_annually.bz'),
(94, '6cd6b652-3247-4060-8d4f-6584e43d9ae5', 'forager_coolly.msp'),
(95, '92b92a7f-1005-4541-ba21-7d385f005c70', 'outside.xlsx'),
(96, '0bd11b41-33c9-43e2-b9b9-9d029e13c9d2', 'eek.ics'),
(97, '97e181b8-8126-43b7-bbd4-e450398da807', 'since_geez_aboard.dmg'),
(98, '2d52c4fe-8f25-4ba2-b3f4-699be2bc6208', 'phooey_goodwill.svg'),
(99, '19bdf697-62a6-4231-8b1f-cf11efa1b479', 'midst_a.otf'),
(100, 'd5759992-f813-4c7d-a200-ad34d48c721e', 'radiant.deploy');
INSERT INTO role (id, name) VALUES
(1, 'admin'),
(2, 'manager'),
(3, 'support'),
(4, 'fulfillment'),
(5, 'product_manager'),
(6, 'marketing'),
(7, 'content_editor'),
(8, 'developer'),
(9, 'analyst'),
(10, 'customer'),
(11, 'guest'),
(12, 'subscriber');
INSERT INTO user_role (user_id, role_id) VALUES
('87524168-762c-4d5f-aaf3-17332c3a97b7', 9),
('c1d32a50-12a6-4387-bee9-bb18b6d6172d', 6),
('7f7b099b-93d2-4e67-98df-763ad0dfa735', 7),
('61f79f0c-1e58-43a0-a7e4-39767374f372', 9),
('5c80cb03-1cbe-4c61-8ad6-fcb2553b2f47', 8),
('83b8bd48-d213-4b20-a889-4c60ab48d278', 9),
('3aeb3257-4b14-46cf-bfb5-76d38622691d', 12),
('39a5d8aa-f7aa-490d-b0f8-2592836c0b9e', 3),
('124c5316-c4b8-45de-805d-bba2b91365d9', 7),
('b56796ec-2855-4061-aa4b-e96f508a348b', 9),
('b1b58191-25e8-485b-9695-1c97df9de73b', 7),
('d5a37ebf-9a88-4f8a-8a74-5aed7c9b52b5', 5),
('3535923b-cbb1-4139-a741-473d01432000', 6),
('74585774-6cd3-4e5d-a7fb-d78fe5cbb69c', 6),
('d31e1d7c-fd46-44ca-8031-475badc141ec', 7),
('61e30943-02fd-4293-937d-81990d3d0540', 1),
('031dc2ca-bacf-4747-8665-9c3cc515695d', 11),
('63f09f03-429f-4962-afc4-5cc827a36e15', 8),
('b22c2be5-65ea-4aa2-9a20-d679d10b5ba4', 12),
('375f3886-f56f-436f-92ba-7aa353168daa', 5),
('af29e309-4c13-40e8-a1e7-d82246e0f8fa', 3),
('23dbd832-3eab-41fe-b78d-97af7d38b57a', 5),
('a172e099-0cb3-4f73-b0bc-15dfc4b687c7', 3),
('7134422d-01fb-46e6-802e-6e67b4c83e3d', 9),
('0c16fc06-2434-4e91-92e8-459350c07910', 8),
('d11e95c9-a52a-48ee-90c5-8480fea7d17b', 9),
('fe808afb-1f02-46b8-a5f5-d7328bae32a5', 11),
('0479a9cf-affd-49b7-8d86-5a387c272401', 3),
('577125c8-3f1d-41b7-9802-6f409e769372', 10),
('3bdff5c2-7ad9-4417-9dfd-9467399f5c43', 7),
('7d2b6ff3-289a-48db-a4cb-8676323d9a12', 9),
('5cb2023c-1f0d-4dcf-8ef6-78cbe3374f8e', 3),
('d1eacecd-452e-47be-912e-e94688167bcc', 8),
('bc1c13b2-7c6d-40eb-95ca-c406264be899', 5),
('bc0cdbf7-b23b-4cfb-a252-669a15a7eb7a', 8),
('db96a1f9-c0e3-4732-a146-3962f5761515', 6),
('ea2b7999-df5d-4eb8-99e3-2aa8cb333f2f', 9),
('f6fa32f8-9c67-4cd6-aece-d344ad307be8', 9),
('01baad0c-23d5-434e-a7c3-24bf3dd8791b', 10),
('4e83d9cb-b5d0-4ebf-bfeb-151d9c553069', 11),
('b93fd381-790f-4541-9ccc-21544f61cd70', 7),
('abbba6f8-2ba8-47e7-9fdb-f9e1dcb9e714', 12),
('b09140b7-eef3-44c3-840e-3ae8206b73b9', 6),
('bf8a2e8d-010f-41fe-a27e-3f498f31bcd1', 1),
('98556715-8e27-4fbb-92d2-dd56e115f273', 10),
('1f98faa4-17df-4577-b214-11f8a522c47b', 11),
('d8517133-6754-43fe-9e7c-e739a8b1a3b1', 4),
('101fb34c-d183-40e2-a70f-93847a236b00', 3),
('5539f2f2-92fe-4927-ade0-e2759e78ecfb', 7),
('aff3b386-8467-4c69-9e30-acc5a72dc2d8', 7),
('ae4d37df-7d78-4160-9160-502cc9209a92', 8),
('9700c1fe-4192-4158-ba73-96ab547c0ff8', 2),
('e39d3cd9-3e8f-43ac-b8dd-4c80f6de15a9', 6),
('cbdf99c9-e0ba-422c-b0d4-07c6d8fda943', 6),
('620204e3-ce53-4bcd-be6e-c3ffdfa73090', 5),
('372fa4bb-b72c-4db8-8da0-9b0d9deb6703', 10),
('8d723f41-1b2b-4e8a-9ec8-f00b7b8263c5', 3),
('9ae9e9ad-748c-4f06-bb3b-41ef9681eb96', 2),
('01b808dc-3e87-4409-8465-bc7554369bf9', 11),
('40863771-e19b-48e1-ba9c-bfca8f6d9369', 9),
('45c6baf3-c616-4872-ac25-d4fea0ef487a', 2),
('57103833-08e3-49d4-8da5-d7798a3c4c4d', 8),
('fa8ca8d5-65f1-4e8f-8ecc-087a7affd3a6', 9),
('8eea7dcc-088c-4a61-8171-0d15afee4f65', 2),
('b09dec3d-7cb7-48cd-9215-4e43c2967776', 11),
('cb5bc8e9-9a4e-43b2-a4be-25fa49898c5b', 12),
('b7b3b398-1b08-4d62-b0f5-2e9e48a8ea5b', 7),
('00657749-55e8-4392-b066-839ce730e912', 3),
('163e0a0d-7516-4d27-b7b7-bbe14f6c0918', 9),
('fc4b330b-0e94-43b6-be94-25c7b48aa975', 9),
('ae995e28-605d-4eb2-8a87-41736bda5c64', 8),
('2f137ce6-3e58-43b0-bda9-2a6b741c7498', 3),
('d8873431-3264-45d3-93d2-a2efdcb7a634', 2),
('b3d4457d-75cb-4ed8-9a01-9565c47b64b8', 12),
('c4e3e269-1dcb-4e62-a4ca-1204b52ff86f', 4),
('beb7b2f9-e78f-4b48-a3a2-c5dbf41fec69', 3),
('a6c8da09-e85e-4fd9-87ec-86d601bbd9a7', 9),
('9c667137-5e8a-4136-93a1-1ffd22a353cf', 7),
('7fa050b5-58a9-4b21-93a8-68cd5cebb811', 4),
('d39f9df6-c0a7-4c1c-b82c-0e20e862b194', 7),
('a4081489-41f2-4d9a-8707-df1cf6a6703c', 2),
('af69dee0-e97b-4cb2-b1e0-2259c0864e0a', 11),
('85ee441a-ce2b-4223-873c-6a1f1d953eae', 11),
('0c9739cf-aa96-4ba9-bd57-69cabfb98385', 5),
('a9978ddf-3dbf-40a2-8f9a-cea94f8b1260', 4),
('e305701c-ae97-4abb-89c9-772a80807113', 4),
('620df68c-0361-4653-84cf-c7986e30d604', 11),
('94ccb1d6-a083-4467-98ce-2c4dfadf3f60', 11),
('6d288a29-3097-4480-8144-8b1fc70e1551', 5),
('775b9e7d-d04f-4823-9025-c62f0788723d', 11),
('9c611577-cbaf-4aae-8461-89bdb174507a', 9),
('038dbddb-ef13-4b5d-8891-37fbff07f67b', 6),
('440f5fc3-b2a2-4723-b039-ca6b908d604b', 12),
('6cd6b652-3247-4060-8d4f-6584e43d9ae5', 6),
('92b92a7f-1005-4541-ba21-7d385f005c70', 8),
('0bd11b41-33c9-43e2-b9b9-9d029e13c9d2', 11),
('97e181b8-8126-43b7-bbd4-e450398da807', 5),
('2d52c4fe-8f25-4ba2-b3f4-699be2bc6208', 5),
('19bdf697-62a6-4231-8b1f-cf11efa1b479', 10),
('d5759992-f813-4c7d-a200-ad34d48c721e', 6);
INSERT INTO product (id, name, description, price, stock, category) VALUES
(1, 'Incredible Steel Shirt', 'Introducing the North Macedonia-inspired Keyboard, blending damaged style with local craftsmanship', 411.75, 8, 'Livros'),
(2, 'Rustic Gold Pants', 'Introducing the Bangladesh-inspired Bike, blending animated style with local craftsmanship', 894.15, 97, 'Eletrônicos'),
(3, 'Handcrafted Bronze Bike', 'New Keyboard model with 29 GB RAM, 873 GB storage, and total features', 61.89, 0, 'Roupas'),
(4, 'Refined Gold Pants', 'The sleek and mysterious Shirt comes with grey LED lighting for smart functionality', 251.94, 23, 'Brinquedos'),
(5, 'Elegant Cotton Salad', 'Experience the fuchsia brilliance of our Bike, perfect for back environments', 980.25, 80, 'Eletrônicos'),
(6, 'Modern Bronze Cheese', 'The maroon Keyboard combines Spain aesthetics with Fermium-based durability', 176.29, 98, 'Livros'),
(7, 'Electronic Gold Chair', 'Discover the likely new Table with an exciting mix of Silk ingredients', 237.79, 13, 'Acessórios'),
(8, 'Sleek Bronze Mouse', 'Our crunchy-inspired Pants brings a taste of luxury to your candid lifestyle', 729.69, 76, 'Roupas'),
(9, 'Sleek Granite Ball', 'Innovative Cheese featuring showy technology and Concrete construction', 546.6, 71, 'Acessórios'),
(10, 'Gorgeous Aluminum Car', 'Experience the turquoise brilliance of our Shoes, perfect for lavish environments', 893.09, 93, 'Brinquedos'),
(11, 'Fresh Plastic Mouse', 'New tan Car with ergonomic design for royal comfort', 46.79, 83, 'Acessórios'),
(12, 'Oriental Wooden Tuna', 'Discover the cluttered new Keyboard with an exciting mix of Plastic ingredients', 112.6, 29, 'Livros'),
(13, 'Soft Concrete Table', 'Discover the grubby new Shirt with an exciting mix of Cotton ingredients', 232.91, 45, 'Eletrônicos'),
(14, 'Small Gold Computer', 'The pink Chips combines Samoa aesthetics with Rhenium-based durability', 902.19, 91, 'Brinquedos'),
(15, 'Bespoke Marble Soap', 'Featuring Actinium-enhanced technology, our Bike offers unparalleled chubby performance', 47.79, 90, 'Acessórios'),
(16, 'Licensed Gold Chicken', 'Professional-grade Towels perfect for subtle training and recreational use', 675.45, 83, 'Brinquedos'),
(17, 'Rustic Cotton Gloves', 'Discover the shady new Pizza with an exciting mix of Bamboo ingredients', 735.75, 42, 'Brinquedos'),
(18, 'Small Metal Chair', 'Ullrich LLC''s most advanced Salad technology increases profuse capabilities', 636.79, 91, 'Roupas'),
(19, 'Oriental Plastic Chicken', 'Discover the ostrich-like agility of our Sausages, perfect for inconsequential users', 686.19, 55, 'Livros'),
(20, 'Small Rubber Pants', 'Professional-grade Bacon perfect for impressive training and recreational use', 628.95, 84, 'Roupas'),
(21, 'Sleek Gold Ball', 'Electronic Table designed with Marble for common performance', 183.59, 18, 'Eletrônicos'),
(22, 'Fantastic Ceramic Chair', 'Dickinson - Watsica''s most advanced Pizza technology increases nimble capabilities', 736.29, 84, 'Roupas'),
(23, 'Bespoke Granite Ball', 'The sleek and yearly Table comes with fuchsia LED lighting for smart functionality', 802.25, 9, 'Eletrônicos'),
(24, 'Awesome Granite Bike', 'Our monkey-friendly Cheese ensures colorless comfort for your pets', 794.9, 51, 'Acessórios'),
(25, 'Modern Concrete Towels', 'Our delicious-inspired Soap brings a taste of luxury to your heartfelt lifestyle', 288.21, 37, 'Eletrônicos'),
(26, 'Handmade Metal Chair', 'Our kangaroo-friendly Soap ensures forceful comfort for your pets', 586.15, 2, 'Brinquedos'),
(27, 'Handmade Bamboo Gloves', 'Ergonomic Chair made with Metal for all-day specific support', 974.51, 97, 'Brinquedos'),
(28, 'Ergonomic Concrete Chair', 'New indigo Fish with ergonomic design for grizzled comfort', 411, 75, 'Acessórios'),
(29, 'Bespoke Marble Salad', 'Bartoletti and Sons''s most advanced Bacon technology increases outlying capabilities', 395.55, 28, 'Roupas'),
(30, 'Generic Bronze Pants', 'Savor the bitter essence in our Salad, designed for timely culinary adventures', 130.7, 58, 'Roupas'),
(31, 'Rustic Concrete Towels', 'Discover the perfumed new Sausages with an exciting mix of Concrete ingredients', 776.3, 7, 'Livros'),
(32, 'Soft Wooden Tuna', 'New sky blue Salad with ergonomic design for energetic comfort', 123.29, 47, 'Roupas'),
(33, 'Tasty Ceramic Chair', 'Ergonomic Keyboard made with Wooden for all-day sunny support', 272, 24, 'Acessórios'),
(34, 'Bespoke Steel Gloves', 'Savor the savory essence in our Bike, designed for blond culinary adventures', 859.05, 2, 'Roupas'),
(35, 'Fresh Rubber Table', 'Experience the lime brilliance of our Computer, perfect for zealous environments', 281.7, 72, 'Livros'),
(36, 'Modern Bamboo Shoes', 'Our smoky-inspired Tuna brings a taste of luxury to your guilty lifestyle', 387.29, 10, 'Roupas'),
(37, 'Luxurious Granite Car', 'The Brant Sausages is the latest in a series of gummy products from Simonis, Mosciski and Armstrong', 652.89, 84, 'Eletrônicos'),
(38, 'Frozen Concrete Towels', 'Our fox-friendly Ball ensures insistent comfort for your pets', 205.75, 52, 'Livros'),
(39, 'Rustic Silk Bike', 'Innovative Hat featuring lasting technology and Cotton construction', 36.99, 75, 'Brinquedos'),
(40, 'Incredible Ceramic Towels', 'The silver Chips combines Taiwan aesthetics with Bohrium-based durability', 267.5, 67, 'Eletrônicos'),
(41, 'Sleek Metal Pizza', 'Our sea lion-friendly Hat ensures hateful comfort for your pets', 105.75, 12, 'Acessórios'),
(42, 'Fresh Concrete Car', 'Experience the grey brilliance of our Ball, perfect for bustling environments', 17.59, 49, 'Acessórios'),
(43, 'Awesome Metal Pants', 'Discover the penguin-like agility of our Soap, perfect for whirlwind users', 751.19, 80, 'Roupas'),
(44, 'Unbranded Ceramic Bacon', 'The Lenny Shirt is the latest in a series of improbable products from Stamm, Rodriguez and Gorczany', 991.99, 62, 'Roupas'),
(45, 'Electronic Ceramic Table', 'Professional-grade Salad perfect for unselfish training and recreational use', 627.89, 96, 'Acessórios'),
(46, 'Gorgeous Gold Computer', 'Savor the sweet essence in our Tuna, designed for far culinary adventures', 96.55, 9, 'Roupas'),
(47, 'Handcrafted Marble Soap', 'Stylish Bike designed to make you stand out with any looks', 465.43, 26, 'Eletrônicos'),
(48, 'Licensed Granite Mouse', 'The Rose Chicken is the latest in a series of frizzy products from O''Reilly - Hand', 639.49, 25, 'Eletrônicos'),
(49, 'Modern Ceramic Chicken', 'Discover the better new Sausages with an exciting mix of Granite ingredients', 778.39, 27, 'Roupas'),
(50, 'Elegant Marble Hat', 'The Allie Car is the latest in a series of faraway products from Windler Inc', 758.49, 42, 'Roupas');
INSERT INTO cart (id, user_id) VALUES
(1, '87524168-762c-4d5f-aaf3-17332c3a97b7'),
(2, 'c1d32a50-12a6-4387-bee9-bb18b6d6172d'),
(3, '7f7b099b-93d2-4e67-98df-763ad0dfa735'),
(4, '61f79f0c-1e58-43a0-a7e4-39767374f372'),
(5, '5c80cb03-1cbe-4c61-8ad6-fcb2553b2f47'),
(6, '83b8bd48-d213-4b20-a889-4c60ab48d278'),
(7, '3aeb3257-4b14-46cf-bfb5-76d38622691d'),
(8, '39a5d8aa-f7aa-490d-b0f8-2592836c0b9e'),
(9, '124c5316-c4b8-45de-805d-bba2b91365d9'),
(10, 'b56796ec-2855-4061-aa4b-e96f508a348b'),
(11, 'b1b58191-25e8-485b-9695-1c97df9de73b'),
(12, 'd5a37ebf-9a88-4f8a-8a74-5aed7c9b52b5'),
(13, '3535923b-cbb1-4139-a741-473d01432000'),
(14, '74585774-6cd3-4e5d-a7fb-d78fe5cbb69c'),
(15, 'd31e1d7c-fd46-44ca-8031-475badc141ec'),
(16, '61e30943-02fd-4293-937d-81990d3d0540'),
(17, '031dc2ca-bacf-4747-8665-9c3cc515695d'),
(18, '63f09f03-429f-4962-afc4-5cc827a36e15'),
(19, 'b22c2be5-65ea-4aa2-9a20-d679d10b5ba4'),
(20, '375f3886-f56f-436f-92ba-7aa353168daa'),
(21, 'af29e309-4c13-40e8-a1e7-d82246e0f8fa'),
(22, '23dbd832-3eab-41fe-b78d-97af7d38b57a'),
(23, 'a172e099-0cb3-4f73-b0bc-15dfc4b687c7'),
(24, '7134422d-01fb-46e6-802e-6e67b4c83e3d'),
(25, '0c16fc06-2434-4e91-92e8-459350c07910'),
(26, 'd11e95c9-a52a-48ee-90c5-8480fea7d17b'),
(27, 'fe808afb-1f02-46b8-a5f5-d7328bae32a5'),
(28, '0479a9cf-affd-49b7-8d86-5a387c272401'),
(29, '577125c8-3f1d-41b7-9802-6f409e769372'),
(30, '3bdff5c2-7ad9-4417-9dfd-9467399f5c43'),
(31, '7d2b6ff3-289a-48db-a4cb-8676323d9a12'),
(32, '5cb2023c-1f0d-4dcf-8ef6-78cbe3374f8e'),
(33, 'd1eacecd-452e-47be-912e-e94688167bcc'),
(34, 'bc1c13b2-7c6d-40eb-95ca-c406264be899'),
(35, 'bc0cdbf7-b23b-4cfb-a252-669a15a7eb7a'),
(36, 'db96a1f9-c0e3-4732-a146-3962f5761515'),
(37, 'ea2b7999-df5d-4eb8-99e3-2aa8cb333f2f'),
(38, 'f6fa32f8-9c67-4cd6-aece-d344ad307be8'),
(39, '01baad0c-23d5-434e-a7c3-24bf3dd8791b'),
(40, '4e83d9cb-b5d0-4ebf-bfeb-151d9c553069'),
(41, 'b93fd381-790f-4541-9ccc-21544f61cd70'),
(42, 'abbba6f8-2ba8-47e7-9fdb-f9e1dcb9e714'),
(43, 'b09140b7-eef3-44c3-840e-3ae8206b73b9'),
(44, 'bf8a2e8d-010f-41fe-a27e-3f498f31bcd1'),
(45, '98556715-8e27-4fbb-92d2-dd56e115f273'),
(46, '1f98faa4-17df-4577-b214-11f8a522c47b'),
(47, 'd8517133-6754-43fe-9e7c-e739a8b1a3b1'),
(48, '101fb34c-d183-40e2-a70f-93847a236b00'),
(49, '5539f2f2-92fe-4927-ade0-e2759e78ecfb'),
(50, 'aff3b386-8467-4c69-9e30-acc5a72dc2d8'),
(51, 'ae4d37df-7d78-4160-9160-502cc9209a92'),
(52, '9700c1fe-4192-4158-ba73-96ab547c0ff8'),
(53, 'e39d3cd9-3e8f-43ac-b8dd-4c80f6de15a9'),
(54, 'cbdf99c9-e0ba-422c-b0d4-07c6d8fda943'),
(55, '620204e3-ce53-4bcd-be6e-c3ffdfa73090'),
(56, '372fa4bb-b72c-4db8-8da0-9b0d9deb6703'),
(57, '8d723f41-1b2b-4e8a-9ec8-f00b7b8263c5'),
(58, '9ae9e9ad-748c-4f06-bb3b-41ef9681eb96'),
(59, '01b808dc-3e87-4409-8465-bc7554369bf9'),
(60, '40863771-e19b-48e1-ba9c-bfca8f6d9369'),
(61, '45c6baf3-c616-4872-ac25-d4fea0ef487a'),
(62, '57103833-08e3-49d4-8da5-d7798a3c4c4d'),
(63, 'fa8ca8d5-65f1-4e8f-8ecc-087a7affd3a6'),
(64, '8eea7dcc-088c-4a61-8171-0d15afee4f65'),
(65, 'b09dec3d-7cb7-48cd-9215-4e43c2967776'),
(66, 'cb5bc8e9-9a4e-43b2-a4be-25fa49898c5b'),
(67, 'b7b3b398-1b08-4d62-b0f5-2e9e48a8ea5b'),
(68, '00657749-55e8-4392-b066-839ce730e912'),
(69, '163e0a0d-7516-4d27-b7b7-bbe14f6c0918'),
(70, 'fc4b330b-0e94-43b6-be94-25c7b48aa975'),
(71, 'ae995e28-605d-4eb2-8a87-41736bda5c64'),
(72, '2f137ce6-3e58-43b0-bda9-2a6b741c7498'),
(73, 'd8873431-3264-45d3-93d2-a2efdcb7a634'),
(74, 'b3d4457d-75cb-4ed8-9a01-9565c47b64b8'),
(75, 'c4e3e269-1dcb-4e62-a4ca-1204b52ff86f'),
(76, 'beb7b2f9-e78f-4b48-a3a2-c5dbf41fec69'),
(77, 'a6c8da09-e85e-4fd9-87ec-86d601bbd9a7'),
(78, '9c667137-5e8a-4136-93a1-1ffd22a353cf'),
(79, '7fa050b5-58a9-4b21-93a8-68cd5cebb811'),
(80, 'd39f9df6-c0a7-4c1c-b82c-0e20e862b194'),
(81, 'a4081489-41f2-4d9a-8707-df1cf6a6703c'),
(82, 'af69dee0-e97b-4cb2-b1e0-2259c0864e0a'),
(83, '85ee441a-ce2b-4223-873c-6a1f1d953eae'),
(84, '0c9739cf-aa96-4ba9-bd57-69cabfb98385'),
(85, 'a9978ddf-3dbf-40a2-8f9a-cea94f8b1260'),
(86, 'e305701c-ae97-4abb-89c9-772a80807113'),
(87, '620df68c-0361-4653-84cf-c7986e30d604'),
(88, '94ccb1d6-a083-4467-98ce-2c4dfadf3f60'),
(89, '6d288a29-3097-4480-8144-8b1fc70e1551'),
(90, '775b9e7d-d04f-4823-9025-c62f0788723d'),
(91, '9c611577-cbaf-4aae-8461-89bdb174507a'),
(92, '038dbddb-ef13-4b5d-8891-37fbff07f67b'),
(93, '440f5fc3-b2a2-4723-b039-ca6b908d604b'),
(94, '6cd6b652-3247-4060-8d4f-6584e43d9ae5'),
(95, '92b92a7f-1005-4541-ba21-7d385f005c70'),
(96, '0bd11b41-33c9-43e2-b9b9-9d029e13c9d2'),
(97, '97e181b8-8126-43b7-bbd4-e450398da807'),
(98, '2d52c4fe-8f25-4ba2-b3f4-699be2bc6208'),
(99, '19bdf697-62a6-4231-8b1f-cf11efa1b479'),
(100, 'd5759992-f813-4c7d-a200-ad34d48c721e');
INSERT INTO cart_item (id, product_id, cart_id, quantity) VALUES
(1, 20, 1, 2),
(2, 15, 1, 5),
(3, 10, 1, 2),
(4, 19, 1, 4),
(5, 18, 1, 4),
(6, 18, 2, 2),
(7, 10, 2, 2),
(8, 46, 2, 2),
(9, 45, 2, 1),
(10, 15, 2, 3),
(11, 30, 3, 3),
(12, 27, 3, 4),
(13, 4, 3, 5),
(14, 28, 3, 4),
(15, 12, 3, 4),
(16, 32, 4, 3),
(17, 27, 4, 4),
(18, 12, 4, 2),
(19, 2, 4, 3),
(20, 21, 4, 3),
(21, 6, 5, 4),
(22, 2, 5, 4),
(23, 33, 5, 4),
(24, 37, 5, 2),
(25, 28, 5, 4),
(26, 22, 6, 5),
(27, 38, 6, 4),
(28, 27, 6, 4),
(29, 33, 6, 3),
(30, 15, 6, 1),
(31, 14, 7, 3),
(32, 40, 7, 1),
(33, 5, 7, 2),
(34, 6, 7, 4),
(35, 23, 7, 2),
(36, 7, 8, 3),
(37, 42, 8, 1),
(38, 19, 8, 3),
(39, 40, 8, 5),
(40, 15, 8, 5),
(41, 26, 9, 3),
(42, 33, 9, 2),
(43, 41, 9, 2),
(44, 49, 9, 3),
(45, 7, 9, 1),
(46, 23, 10, 1),
(47, 43, 10, 1),
(48, 44, 10, 4),
(49, 39, 10, 5),
(50, 16, 10, 4),
(51, 6, 11, 1),
(52, 49, 11, 3),
(53, 19, 11, 3),
(54, 13, 11, 1),
(55, 5, 11, 2),
(56, 46, 12, 2),
(57, 13, 12, 5),
(58, 48, 12, 3),
(59, 40, 12, 3),
(60, 7, 12, 5),
(61, 47, 13, 1),
(62, 26, 13, 1),
(63, 49, 13, 1),
(64, 27, 13, 4),
(65, 36, 13, 5),
(66, 22, 14, 3),
(67, 16, 14, 2),
(68, 11, 14, 4),
(69, 49, 14, 4),
(70, 6, 14, 3),
(71, 11, 15, 4),
(72, 50, 15, 5),
(73, 7, 15, 4),
(74, 35, 15, 5),
(75, 46, 15, 1),
(76, 45, 16, 1),
(77, 36, 16, 1),
(78, 19, 16, 2),
(79, 10, 16, 1),
(80, 15, 16, 1),
(81, 28, 17, 3),
(82, 13, 17, 1),
(83, 38, 17, 4),
(84, 22, 17, 5),
(85, 6, 17, 3),
(86, 25, 18, 3),
(87, 22, 18, 4),
(88, 28, 18, 2),
(89, 6, 18, 4),
(90, 10, 18, 4),
(91, 9, 19, 2),
(92, 21, 19, 2),
(93, 7, 19, 1),
(94, 33, 19, 1),
(95, 28, 19, 5),
(96, 32, 20, 3),
(97, 41, 20, 3),
(98, 19, 20, 4),
(99, 26, 20, 5),
(100, 22, 20, 2),
(101, 16, 21, 3),
(102, 20, 21, 1),
(103, 21, 21, 5),
(104, 8, 21, 5),
(105, 13, 21, 5),
(106, 8, 22, 2),
(107, 28, 22, 5),
(108, 10, 22, 5),
(109, 27, 22, 5),
(110, 33, 22, 4),
(111, 13, 23, 5),
(112, 1, 23, 1),
(113, 16, 23, 5),
(114, 36, 23, 2),
(115, 7, 23, 3),
(116, 49, 24, 2),
(117, 27, 24, 2),
(118, 41, 24, 5),
(119, 45, 24, 3),
(120, 19, 24, 4),
(121, 37, 25, 5),
(122, 6, 25, 1),
(123, 9, 25, 3),
(124, 15, 25, 2),
(125, 4, 25, 2),
(126, 45, 26, 3),
(127, 49, 26, 4),
(128, 50, 26, 1),
(129, 1, 26, 5),
(130, 28, 26, 5),
(131, 34, 27, 1),
(132, 15, 27, 3),
(133, 11, 27, 5),
(134, 35, 27, 2),
(135, 28, 27, 4),
(136, 43, 28, 4),
(137, 50, 28, 1),
(138, 42, 28, 4),
(139, 40, 28, 5),
(140, 47, 28, 1),
(141, 14, 29, 5),
(142, 18, 29, 2),
(143, 40, 29, 5),
(144, 49, 29, 2),
(145, 37, 29, 5),
(146, 24, 30, 4),
(147, 14, 30, 2),
(148, 50, 30, 1),
(149, 26, 30, 5),
(150, 31, 30, 3),
(151, 15, 31, 4),
(152, 19, 31, 2),
(153, 40, 31, 1),
(154, 7, 31, 4),
(155, 48, 31, 3),
(156, 31, 32, 2),
(157, 29, 32, 1),
(158, 1, 32, 1),
(159, 5, 32, 3),
(160, 36, 32, 5),
(161, 44, 33, 1),
(162, 7, 33, 1),
(163, 29, 33, 1),
(164, 41, 33, 3),
(165, 5, 33, 2),
(166, 11, 34, 3),
(167, 36, 34, 2),
(168, 49, 34, 3),
(169, 50, 34, 4),
(170, 13, 34, 2),
(171, 17, 35, 3),
(172, 40, 35, 3),
(173, 48, 35, 5),
(174, 12, 35, 1),
(175, 19, 35, 4),
(176, 42, 36, 5),
(177, 11, 36, 4),
(178, 31, 36, 4),
(179, 2, 36, 1),
(180, 17, 36, 3),
(181, 46, 37, 2),
(182, 25, 37, 4),
(183, 22, 37, 3),
(184, 50, 37, 1),
(185, 18, 37, 3),
(186, 38, 38, 4),
(187, 10, 38, 4),
(188, 11, 38, 5),
(189, 4, 38, 3),
(190, 31, 38, 1),
(191, 17, 39, 3),
(192, 50, 39, 2),
(193, 29, 39, 2),
(194, 39, 39, 1),
(195, 48, 39, 2),
(196, 45, 40, 1),
(197, 28, 40, 3),
(198, 50, 40, 2),
(199, 29, 40, 4),
(200, 21, 40, 1),
(201, 43, 41, 1),
(202, 38, 41, 2),
(203, 40, 41, 5),
(204, 10, 41, 3),
(205, 31, 41, 2),
(206, 38, 42, 1),
(207, 3, 42, 4),
(208, 4, 42, 1),
(209, 45, 42, 3),
(210, 9, 42, 1),
(211, 46, 43, 2),
(212, 39, 43, 5),
(213, 11, 43, 5),
(214, 45, 43, 3),
(215, 25, 43, 1),
(216, 47, 44, 2),
(217, 13, 44, 3),
(218, 2, 44, 1),
(219, 22, 44, 3),
(220, 44, 44, 4),
(221, 12, 45, 4),
(222, 34, 45, 1),
(223, 49, 45, 5),
(224, 36, 45, 3),
(225, 17, 45, 3),
(226, 30, 46, 5),
(227, 18, 46, 1),
(228, 42, 46, 5),
(229, 14, 46, 3),
(230, 48, 46, 2),
(231, 22, 47, 4),
(232, 47, 47, 5),
(233, 38, 47, 2),
(234, 8, 47, 5),
(235, 15, 47, 4),
(236, 1, 48, 1),
(237, 47, 48, 5),
(238, 41, 48, 4),
(239, 7, 48, 3),
(240, 48, 48, 1),
(241, 2, 49, 3),
(242, 35, 49, 2),
(243, 17, 49, 1),
(244, 21, 49, 1),
(245, 14, 49, 5),
(246, 37, 50, 3),
(247, 7, 50, 5),
(248, 20, 50, 4),
(249, 33, 50, 1),
(250, 44, 50, 2),
(251, 8, 51, 4),
(252, 28, 51, 1),
(253, 11, 51, 1),
(254, 21, 51, 5),
(255, 22, 51, 5),
(256, 34, 52, 1),
(257, 24, 52, 1),
(258, 46, 52, 5),
(259, 40, 52, 3),
(260, 26, 52, 2),
(261, 26, 53, 2),
(262, 37, 53, 1),
(263, 24, 53, 3),
(264, 3, 53, 2),
(265, 16, 53, 5),
(266, 39, 54, 3),
(267, 30, 54, 4),
(268, 34, 54, 2),
(269, 2, 54, 2),
(270, 13, 54, 1),
(271, 20, 55, 2),
(272, 1, 55, 5),
(273, 50, 55, 2),
(274, 5, 55, 3),
(275, 8, 55, 2),
(276, 35, 56, 4),
(277, 38, 56, 4),
(278, 23, 56, 4),
(279, 14, 56, 4),
(280, 37, 56, 5),
(281, 35, 57, 4),
(282, 33, 57, 2),
(283, 36, 57, 5),
(284, 34, 57, 4),
(285, 20, 57, 1),
(286, 36, 58, 4),
(287, 26, 58, 1),
(288, 30, 58, 3),
(289, 50, 58, 2),
(290, 10, 58, 2),
(291, 33, 59, 2),
(292, 40, 59, 3),
(293, 30, 59, 1),
(294, 47, 59, 2),
(295, 49, 59, 5),
(296, 23, 60, 4),
(297, 7, 60, 1),
(298, 34, 60, 5),
(299, 33, 60, 2),
(300, 39, 60, 1),
(301, 45, 61, 3),
(302, 26, 61, 5),
(303, 23, 61, 1),
(304, 6, 61, 4),
(305, 25, 61, 4),
(306, 36, 62, 2),
(307, 15, 62, 2),
(308, 5, 62, 5),
(309, 38, 62, 3),
(310, 30, 62, 3),
(311, 11, 63, 3),
(312, 3, 63, 3),
(313, 18, 63, 5),
(314, 17, 63, 4),
(315, 10, 63, 2),
(316, 36, 64, 1),
(317, 44, 64, 4),
(318, 41, 64, 2),
(319, 11, 64, 3),
(320, 38, 64, 1),
(321, 6, 65, 4),
(322, 17, 65, 1),
(323, 44, 65, 4),
(324, 37, 65, 1),
(325, 4, 65, 2),
(326, 10, 66, 4),
(327, 11, 66, 5),
(328, 22, 66, 4),
(329, 42, 66, 1),
(330, 37, 66, 3),
(331, 1, 67, 4),
(332, 12, 67, 2),
(333, 41, 67, 4),
(334, 19, 67, 2),
(335, 49, 67, 1),
(336, 5, 68, 5),
(337, 22, 68, 3),
(338, 26, 68, 3),
(339, 30, 68, 4),
(340, 35, 68, 2),
(341, 46, 69, 5),
(342, 3, 69, 1),
(343, 10, 69, 4),
(344, 35, 69, 1),
(345, 39, 69, 3),
(346, 37, 70, 5),
(347, 47, 70, 5),
(348, 22, 70, 4),
(349, 15, 70, 1),
(350, 43, 70, 4),
(351, 21, 71, 3),
(352, 48, 71, 5),
(353, 49, 71, 3),
(354, 44, 71, 5),
(355, 9, 71, 1),
(356, 11, 72, 5),
(357, 5, 72, 5),
(358, 10, 72, 4),
(359, 19, 72, 2),
(360, 3, 72, 4),
(361, 26, 73, 5),
(362, 11, 73, 5),
(363, 37, 73, 1),
(364, 46, 73, 2),
(365, 18, 73, 4),
(366, 14, 74, 5),
(367, 1, 74, 3),
(368, 39, 74, 2),
(369, 22, 74, 4),
(370, 40, 74, 1),
(371, 28, 75, 1),
(372, 50, 75, 4),
(373, 18, 75, 2),
(374, 16, 75, 5),
(375, 8, 75, 4),
(376, 14, 76, 5),
(377, 32, 76, 4),
(378, 27, 76, 5),
(379, 31, 76, 4),
(380, 19, 76, 2),
(381, 34, 77, 3),
(382, 22, 77, 4),
(383, 31, 77, 3),
(384, 42, 77, 3),
(385, 24, 77, 5),
(386, 46, 78, 5),
(387, 11, 78, 4),
(388, 5, 78, 5),
(389, 1, 78, 3),
(390, 9, 78, 3),
(391, 4, 79, 1),
(392, 39, 79, 2),
(393, 47, 79, 2),
(394, 20, 79, 5),
(395, 1, 79, 5),
(396, 6, 80, 1),
(397, 16, 80, 1),
(398, 43, 80, 4),
(399, 30, 80, 2),
(400, 21, 80, 3),
(401, 1, 81, 1),
(402, 6, 81, 4),
(403, 32, 81, 4),
(404, 38, 81, 1),
(405, 30, 81, 2),
(406, 30, 82, 5),
(407, 47, 82, 5),
(408, 34, 82, 5),
(409, 9, 82, 5),
(410, 18, 82, 1),
(411, 36, 83, 2),
(412, 11, 83, 3),
(413, 15, 83, 4),
(414, 20, 83, 2),
(415, 27, 83, 1),
(416, 22, 84, 3),
(417, 17, 84, 4),
(418, 25, 84, 5),
(419, 5, 84, 3),
(420, 14, 84, 5),
(421, 25, 85, 1),
(422, 7, 85, 4),
(423, 44, 85, 2),
(424, 35, 85, 4),
(425, 23, 85, 2),
(426, 34, 86, 4),
(427, 12, 86, 4),
(428, 31, 86, 5),
(429, 11, 86, 3),
(430, 23, 86, 4),
(431, 21, 87, 1),
(432, 36, 87, 4),
(433, 46, 87, 1),
(434, 12, 87, 5),
(435, 35, 87, 1),
(436, 37, 88, 2),
(437, 31, 88, 2),
(438, 15, 88, 4),
(439, 48, 88, 2),
(440, 47, 88, 5),
(441, 12, 89, 2),
(442, 14, 89, 5),
(443, 11, 89, 4),
(444, 16, 89, 4),
(445, 6, 89, 4),
(446, 38, 90, 1),
(447, 14, 90, 4),
(448, 20, 90, 4),
(449, 45, 90, 3),
(450, 46, 90, 5),
(451, 43, 91, 5),
(452, 38, 91, 5),
(453, 3, 91, 4),
(454, 44, 91, 2),
(455, 21, 91, 3),
(456, 3, 92, 1),
(457, 48, 92, 4),
(458, 23, 92, 3),
(459, 12, 92, 5),
(460, 47, 92, 5),
(461, 1, 93, 5),
(462, 9, 93, 3),
(463, 4, 93, 4),
(464, 44, 93, 2),
(465, 19, 93, 3),
(466, 21, 94, 2),
(467, 15, 94, 5),
(468, 2, 94, 2),
(469, 49, 94, 4),
(470, 8, 94, 3),
(471, 42, 95, 1),
(472, 17, 95, 5),
(473, 45, 95, 4),
(474, 32, 95, 3),
(475, 1, 95, 5),
(476, 17, 96, 2),
(477, 3, 96, 4),
(478, 25, 96, 3),
(479, 39, 96, 3),
(480, 4, 96, 5),
(481, 29, 97, 1),
(482, 13, 97, 4),
(483, 12, 97, 4),
(484, 36, 97, 3),
(485, 11, 97, 3),
(486, 3, 98, 1),
(487, 6, 98, 5),
(488, 36, 98, 3),
(489, 17, 98, 4),
(490, 22, 98, 3),
(491, 33, 99, 3),
(492, 42, 99, 2),
(493, 50, 99, 1),
(494, 6, 99, 1),
(495, 28, 99, 4),
(496, 27, 100, 3),
(497, 36, 100, 5),
(498, 43, 100, 2),
(499, 39, 100, 2),
(500, 50, 100, 1);
INSERT INTO order_record (id, user_id, date, status) VALUES
(1, '87524168-762c-4d5f-aaf3-17332c3a97b7', '2025-05-30 23:55:16', 'cancelled'),
(2, '87524168-762c-4d5f-aaf3-17332c3a97b7', '2025-05-30 23:55:16', 'cancelled'),
(3, '87524168-762c-4d5f-aaf3-17332c3a97b7', '2025-05-30 23:55:16', 'shipped'),
(4, '7f7b099b-93d2-4e67-98df-763ad0dfa735', '2025-05-30 23:55:16', 'processing'),
(5, '61f79f0c-1e58-43a0-a7e4-39767374f372', '2025-05-30 23:55:16', 'cancelled'),
(6, '61f79f0c-1e58-43a0-a7e4-39767374f372', '2025-05-30 23:55:16', 'delivered'),
(7, '61f79f0c-1e58-43a0-a7e4-39767374f372', '2025-05-30 23:55:16', 'processing'),
(8, '5c80cb03-1cbe-4c61-8ad6-fcb2553b2f47', '2025-05-30 23:55:16', 'processing'),
(9, '3aeb3257-4b14-46cf-bfb5-76d38622691d', '2025-05-30 23:55:16', 'processing'),
(10, '3aeb3257-4b14-46cf-bfb5-76d38622691d', '2025-05-30 23:55:16', 'cancelled'),
(11, '3aeb3257-4b14-46cf-bfb5-76d38622691d', '2025-05-30 23:55:16', 'processing'),
(12, 'b56796ec-2855-4061-aa4b-e96f508a348b', '2025-05-30 23:55:16', 'processing'),
(13, 'b56796ec-2855-4061-aa4b-e96f508a348b', '2025-05-30 23:55:16', 'delivered'),
(14, 'b1b58191-25e8-485b-9695-1c97df9de73b', '2025-05-30 23:55:16', 'processing'),
(15, 'b1b58191-25e8-485b-9695-1c97df9de73b', '2025-05-30 23:55:16', 'processing'),
(16, 'd5a37ebf-9a88-4f8a-8a74-5aed7c9b52b5', '2025-05-30 23:55:16', 'delivered'),
(17, 'd5a37ebf-9a88-4f8a-8a74-5aed7c9b52b5', '2025-05-30 23:55:16', 'delivered'),
(18, 'd5a37ebf-9a88-4f8a-8a74-5aed7c9b52b5', '2025-05-30 23:55:16', 'shipped'),
(19, '3535923b-cbb1-4139-a741-473d01432000', '2025-05-30 23:55:16', 'cancelled'),
(20, '74585774-6cd3-4e5d-a7fb-d78fe5cbb69c', '2025-05-30 23:55:16', 'delivered'),
(21, '74585774-6cd3-4e5d-a7fb-d78fe5cbb69c', '2025-05-30 23:55:16', 'processing'),
(22, '74585774-6cd3-4e5d-a7fb-d78fe5cbb69c', '2025-05-30 23:55:16', 'delivered'),
(23, 'd31e1d7c-fd46-44ca-8031-475badc141ec', '2025-05-30 23:55:16', 'processing'),
(24, 'd31e1d7c-fd46-44ca-8031-475badc141ec', '2025-05-30 23:55:16', 'shipped'),
(25, '63f09f03-429f-4962-afc4-5cc827a36e15', '2025-05-30 23:55:16', 'shipped'),
(26, 'b22c2be5-65ea-4aa2-9a20-d679d10b5ba4', '2025-05-30 23:55:16', 'shipped'),
(27, '375f3886-f56f-436f-92ba-7aa353168daa', '2025-05-30 23:55:16', 'delivered'),
(28, '375f3886-f56f-436f-92ba-7aa353168daa', '2025-05-30 23:55:16', 'cancelled'),
(29, 'af29e309-4c13-40e8-a1e7-d82246e0f8fa', '2025-05-30 23:55:16', 'shipped'),
(30, 'af29e309-4c13-40e8-a1e7-d82246e0f8fa', '2025-05-30 23:55:16', 'cancelled'),
(31, '23dbd832-3eab-41fe-b78d-97af7d38b57a', '2025-05-30 23:55:16', 'processing'),
(32, 'a172e099-0cb3-4f73-b0bc-15dfc4b687c7', '2025-05-30 23:55:16', 'delivered'),
(33, 'a172e099-0cb3-4f73-b0bc-15dfc4b687c7', '2025-05-30 23:55:16', 'cancelled'),
(34, '7134422d-01fb-46e6-802e-6e67b4c83e3d', '2025-05-30 23:55:16', 'cancelled'),
(35, 'd11e95c9-a52a-48ee-90c5-8480fea7d17b', '2025-05-30 23:55:16', 'cancelled'),
(36, 'fe808afb-1f02-46b8-a5f5-d7328bae32a5', '2025-05-30 23:55:16', 'processing'),
(37, '0479a9cf-affd-49b7-8d86-5a387c272401', '2025-05-30 23:55:16', 'cancelled'),
(38, '3bdff5c2-7ad9-4417-9dfd-9467399f5c43', '2025-05-30 23:55:16', 'shipped'),
(39, '3bdff5c2-7ad9-4417-9dfd-9467399f5c43', '2025-05-30 23:55:16', 'shipped'),
(40, '3bdff5c2-7ad9-4417-9dfd-9467399f5c43', '2025-05-30 23:55:16', 'shipped'),
(41, '7d2b6ff3-289a-48db-a4cb-8676323d9a12', '2025-05-30 23:55:16', 'processing'),
(42, '5cb2023c-1f0d-4dcf-8ef6-78cbe3374f8e', '2025-05-30 23:55:16', 'cancelled'),
(43, '5cb2023c-1f0d-4dcf-8ef6-78cbe3374f8e', '2025-05-30 23:55:16', 'delivered'),
(44, 'bc1c13b2-7c6d-40eb-95ca-c406264be899', '2025-05-30 23:55:16', 'delivered'),
(45, 'bc0cdbf7-b23b-4cfb-a252-669a15a7eb7a', '2025-05-30 23:55:16', 'processing'),
(46, 'db96a1f9-c0e3-4732-a146-3962f5761515', '2025-05-30 23:55:16', 'shipped'),
(47, 'db96a1f9-c0e3-4732-a146-3962f5761515', '2025-05-30 23:55:16', 'delivered'),
(48, 'ea2b7999-df5d-4eb8-99e3-2aa8cb333f2f', '2025-05-30 23:55:16', 'delivered'),
(49, 'ea2b7999-df5d-4eb8-99e3-2aa8cb333f2f', '2025-05-30 23:55:16', 'delivered'),
(50, 'f6fa32f8-9c67-4cd6-aece-d344ad307be8', '2025-05-30 23:55:16', 'processing'),
(51, 'f6fa32f8-9c67-4cd6-aece-d344ad307be8', '2025-05-30 23:55:16', 'delivered'),
(52, '01baad0c-23d5-434e-a7c3-24bf3dd8791b', '2025-05-30 23:55:16', 'cancelled'),
(53, 'abbba6f8-2ba8-47e7-9fdb-f9e1dcb9e714', '2025-05-30 23:55:16', 'delivered'),
(54, 'abbba6f8-2ba8-47e7-9fdb-f9e1dcb9e714', '2025-05-30 23:55:16', 'cancelled'),
(55, 'b09140b7-eef3-44c3-840e-3ae8206b73b9', '2025-05-30 23:55:16', 'cancelled'),
(56, 'b09140b7-eef3-44c3-840e-3ae8206b73b9', '2025-05-30 23:55:16', 'delivered'),
(57, 'bf8a2e8d-010f-41fe-a27e-3f498f31bcd1', '2025-05-30 23:55:16', 'shipped'),
(58, 'bf8a2e8d-010f-41fe-a27e-3f498f31bcd1', '2025-05-30 23:55:16', 'processing'),
(59, '1f98faa4-17df-4577-b214-11f8a522c47b', '2025-05-30 23:55:16', 'delivered'),
(60, '1f98faa4-17df-4577-b214-11f8a522c47b', '2025-05-30 23:55:16', 'shipped'),
(61, 'd8517133-6754-43fe-9e7c-e739a8b1a3b1', '2025-05-30 23:55:16', 'processing'),
(62, 'd8517133-6754-43fe-9e7c-e739a8b1a3b1', '2025-05-30 23:55:16', 'processing'),
(63, 'd8517133-6754-43fe-9e7c-e739a8b1a3b1', '2025-05-30 23:55:16', 'cancelled'),
(64, '101fb34c-d183-40e2-a70f-93847a236b00', '2025-05-30 23:55:16', 'processing'),
(65, '5539f2f2-92fe-4927-ade0-e2759e78ecfb', '2025-05-30 23:55:16', 'processing'),
(66, '5539f2f2-92fe-4927-ade0-e2759e78ecfb', '2025-05-30 23:55:16', 'delivered'),
(67, 'ae4d37df-7d78-4160-9160-502cc9209a92', '2025-05-30 23:55:16', 'delivered'),
(68, 'ae4d37df-7d78-4160-9160-502cc9209a92', '2025-05-30 23:55:16', 'processing'),
(69, '9700c1fe-4192-4158-ba73-96ab547c0ff8', '2025-05-30 23:55:16', 'processing'),
(70, '9700c1fe-4192-4158-ba73-96ab547c0ff8', '2025-05-30 23:55:16', 'cancelled'),
(71, '9700c1fe-4192-4158-ba73-96ab547c0ff8', '2025-05-30 23:55:16', 'shipped'),
(72, '620204e3-ce53-4bcd-be6e-c3ffdfa73090', '2025-05-30 23:55:16', 'delivered'),
(73, '620204e3-ce53-4bcd-be6e-c3ffdfa73090', '2025-05-30 23:55:16', 'delivered'),
(74, '8d723f41-1b2b-4e8a-9ec8-f00b7b8263c5', '2025-05-30 23:55:16', 'delivered'),
(75, '8d723f41-1b2b-4e8a-9ec8-f00b7b8263c5', '2025-05-30 23:55:16', 'shipped'),
(76, '8d723f41-1b2b-4e8a-9ec8-f00b7b8263c5', '2025-05-30 23:55:16', 'cancelled'),
(77, '9ae9e9ad-748c-4f06-bb3b-41ef9681eb96', '2025-05-30 23:55:16', 'shipped'),
(78, '01b808dc-3e87-4409-8465-bc7554369bf9', '2025-05-30 23:55:16', 'cancelled'),
(79, '01b808dc-3e87-4409-8465-bc7554369bf9', '2025-05-30 23:55:16', 'processing'),
(80, '01b808dc-3e87-4409-8465-bc7554369bf9', '2025-05-30 23:55:16', 'processing'),
(81, '45c6baf3-c616-4872-ac25-d4fea0ef487a', '2025-05-30 23:55:16', 'delivered'),
(82, '45c6baf3-c616-4872-ac25-d4fea0ef487a', '2025-05-30 23:55:16', 'cancelled'),
(83, '45c6baf3-c616-4872-ac25-d4fea0ef487a', '2025-05-30 23:55:16', 'shipped'),
(84, 'fa8ca8d5-65f1-4e8f-8ecc-087a7affd3a6', '2025-05-30 23:55:16', 'shipped'),
(85, 'fa8ca8d5-65f1-4e8f-8ecc-087a7affd3a6', '2025-05-30 23:55:16', 'shipped'),
(86, 'fa8ca8d5-65f1-4e8f-8ecc-087a7affd3a6', '2025-05-30 23:55:16', 'cancelled'),
(87, '8eea7dcc-088c-4a61-8171-0d15afee4f65', '2025-05-30 23:55:16', 'cancelled'),
(88, '8eea7dcc-088c-4a61-8171-0d15afee4f65', '2025-05-30 23:55:16', 'delivered'),
(89, '8eea7dcc-088c-4a61-8171-0d15afee4f65', '2025-05-30 23:55:16', 'shipped'),
(90, 'b09dec3d-7cb7-48cd-9215-4e43c2967776', '2025-05-30 23:55:16', 'delivered'),
(91, 'b09dec3d-7cb7-48cd-9215-4e43c2967776', '2025-05-30 23:55:16', 'delivered'),
(92, 'b09dec3d-7cb7-48cd-9215-4e43c2967776', '2025-05-30 23:55:16', 'processing'),
(93, 'b7b3b398-1b08-4d62-b0f5-2e9e48a8ea5b', '2025-05-30 23:55:16', 'shipped'),
(94, 'b7b3b398-1b08-4d62-b0f5-2e9e48a8ea5b', '2025-05-30 23:55:16', 'processing'),
(95, '163e0a0d-7516-4d27-b7b7-bbe14f6c0918', '2025-05-30 23:55:16', 'shipped'),
(96, '163e0a0d-7516-4d27-b7b7-bbe14f6c0918', '2025-05-30 23:55:16', 'processing'),
(97, '163e0a0d-7516-4d27-b7b7-bbe14f6c0918', '2025-05-30 23:55:16', 'shipped'),
(98, 'ae995e28-605d-4eb2-8a87-41736bda5c64', '2025-05-30 23:55:16', 'shipped'),
(99, 'ae995e28-605d-4eb2-8a87-41736bda5c64', '2025-05-30 23:55:16', 'cancelled'),
(100, 'ae995e28-605d-4eb2-8a87-41736bda5c64', '2025-05-30 23:55:16', 'shipped'),
(101, 'd8873431-3264-45d3-93d2-a2efdcb7a634', '2025-05-30 23:55:16', 'shipped'),
(102, 'd8873431-3264-45d3-93d2-a2efdcb7a634', '2025-05-30 23:55:16', 'shipped'),
(103, 'b3d4457d-75cb-4ed8-9a01-9565c47b64b8', '2025-05-30 23:55:16', 'processing'),
(104, 'beb7b2f9-e78f-4b48-a3a2-c5dbf41fec69', '2025-05-30 23:55:16', 'shipped'),
(105, 'a6c8da09-e85e-4fd9-87ec-86d601bbd9a7', '2025-05-30 23:55:16', 'delivered'),
(106, '9c667137-5e8a-4136-93a1-1ffd22a353cf', '2025-05-30 23:55:16', 'processing'),
(107, '7fa050b5-58a9-4b21-93a8-68cd5cebb811', '2025-05-30 23:55:16', 'shipped'),
(108, '7fa050b5-58a9-4b21-93a8-68cd5cebb811', '2025-05-30 23:55:16', 'cancelled'),
(109, '7fa050b5-58a9-4b21-93a8-68cd5cebb811', '2025-05-30 23:55:16', 'cancelled'),
(110, 'af69dee0-e97b-4cb2-b1e0-2259c0864e0a', '2025-05-30 23:55:16', 'delivered'),
(111, '85ee441a-ce2b-4223-873c-6a1f1d953eae', '2025-05-30 23:55:16', 'processing'),
(112, '0c9739cf-aa96-4ba9-bd57-69cabfb98385', '2025-05-30 23:55:16', 'cancelled'),
(113, '0c9739cf-aa96-4ba9-bd57-69cabfb98385', '2025-05-30 23:55:16', 'processing'),
(114, 'a9978ddf-3dbf-40a2-8f9a-cea94f8b1260', '2025-05-30 23:55:16', 'processing'),
(115, 'a9978ddf-3dbf-40a2-8f9a-cea94f8b1260', '2025-05-30 23:55:16', 'cancelled'),
(116, '620df68c-0361-4653-84cf-c7986e30d604', '2025-05-30 23:55:16', 'processing'),
(117, '94ccb1d6-a083-4467-98ce-2c4dfadf3f60', '2025-05-30 23:55:16', 'delivered'),
(118, '6d288a29-3097-4480-8144-8b1fc70e1551', '2025-05-30 23:55:16', 'delivered'),
(119, '6d288a29-3097-4480-8144-8b1fc70e1551', '2025-05-30 23:55:16', 'shipped'),
(120, '6d288a29-3097-4480-8144-8b1fc70e1551', '2025-05-30 23:55:16', 'shipped'),
(121, '775b9e7d-d04f-4823-9025-c62f0788723d', '2025-05-30 23:55:16', 'cancelled'),
(122, '775b9e7d-d04f-4823-9025-c62f0788723d', '2025-05-30 23:55:16', 'processing'),
(123, '775b9e7d-d04f-4823-9025-c62f0788723d', '2025-05-30 23:55:16', 'shipped'),
(124, '9c611577-cbaf-4aae-8461-89bdb174507a', '2025-05-30 23:55:16', 'cancelled'),
(125, '9c611577-cbaf-4aae-8461-89bdb174507a', '2025-05-30 23:55:16', 'processing'),
(126, '038dbddb-ef13-4b5d-8891-37fbff07f67b', '2025-05-30 23:55:16', 'shipped'),
(127, '038dbddb-ef13-4b5d-8891-37fbff07f67b', '2025-05-30 23:55:16', 'cancelled'),
(128, '038dbddb-ef13-4b5d-8891-37fbff07f67b', '2025-05-30 23:55:16', 'cancelled'),
(129, '6cd6b652-3247-4060-8d4f-6584e43d9ae5', '2025-05-30 23:55:16', 'processing'),
(130, '6cd6b652-3247-4060-8d4f-6584e43d9ae5', '2025-05-30 23:55:16', 'shipped'),
(131, '6cd6b652-3247-4060-8d4f-6584e43d9ae5', '2025-05-30 23:55:16', 'shipped'),
(132, '92b92a7f-1005-4541-ba21-7d385f005c70', '2025-05-30 23:55:16', 'cancelled'),
(133, '92b92a7f-1005-4541-ba21-7d385f005c70', '2025-05-30 23:55:16', 'shipped'),
(134, '0bd11b41-33c9-43e2-b9b9-9d029e13c9d2', '2025-05-30 23:55:16', 'processing'),
(135, '0bd11b41-33c9-43e2-b9b9-9d029e13c9d2', '2025-05-30 23:55:16', 'processing'),
(136, '0bd11b41-33c9-43e2-b9b9-9d029e13c9d2', '2025-05-30 23:55:16', 'cancelled'),
(137, '97e181b8-8126-43b7-bbd4-e450398da807', '2025-05-30 23:55:16', 'shipped'),
(138, '97e181b8-8126-43b7-bbd4-e450398da807', '2025-05-30 23:55:16', 'cancelled'),
(139, '2d52c4fe-8f25-4ba2-b3f4-699be2bc6208', '2025-05-30 23:55:16', 'processing'),
(140, '2d52c4fe-8f25-4ba2-b3f4-699be2bc6208', '2025-05-30 23:55:16', 'cancelled'),
(141, '2d52c4fe-8f25-4ba2-b3f4-699be2bc6208', '2025-05-30 23:55:16', 'cancelled'),
(142, '19bdf697-62a6-4231-8b1f-cf11efa1b479', '2025-05-30 23:55:16', 'processing'),
(143, '19bdf697-62a6-4231-8b1f-cf11efa1b479', '2025-05-30 23:55:16', 'shipped'),
(144, '19bdf697-62a6-4231-8b1f-cf11efa1b479', '2025-05-30 23:55:16', 'delivered');
INSERT INTO order_invoice (id, order_record_id) VALUES
(1, 1),
(2, 2),
(3, 3),
(4, 4),
(5, 5),
(6, 6),
(7, 7),
(8, 8),
(9, 9),
(10, 10),
(11, 11),
(12, 12),
(13, 13),
(14, 14),
(15, 15),
(16, 16),
(17, 17),
(18, 18),
(19, 19),
(20, 20),
(21, 21),
(22, 22),
(23, 23),
(24, 24),
(25, 25),
(26, 26),
(27, 27),
(28, 28),
(29, 29),
(30, 30),
(31, 31),
(32, 32),
(33, 33),
(34, 34),
(35, 35),
(36, 36),
(37, 37),
(38, 38),
(39, 39),
(40, 40),
(41, 41),
(42, 42),
(43, 43),
(44, 44),
(45, 45),
(46, 46),
(47, 47),
(48, 48),
(49, 49),
(50, 50),
(51, 51),
(52, 52),
(53, 53),
(54, 54),
(55, 55),
(56, 56),
(57, 57),
(58, 58),
(59, 59),
(60, 60),
(61, 61),
(62, 62),
(63, 63),
(64, 64),
(65, 65),
(66, 66),
(67, 67),
(68, 68),
(69, 69),
(70, 70),
(71, 71),
(72, 72),
(73, 73),
(74, 74),
(75, 75),
(76, 76),
(77, 77),
(78, 78),
(79, 79),
(80, 80),
(81, 81),
(82, 82),
(83, 83),
(84, 84),
(85, 85),
(86, 86),
(87, 87),
(88, 88),
(89, 89),
(90, 90),
(91, 91),
(92, 92),
(93, 93),
(94, 94),
(95, 95),
(96, 96),
(97, 97),
(98, 98),
(99, 99),
(100, 100),
(101, 101),
(102, 102),
(103, 103),
(104, 104),
(105, 105),
(106, 106),
(107, 107),
(108, 108),
(109, 109),
(110, 110),
(111, 111),
(112, 112),
(113, 113),
(114, 114),
(115, 115),
(116, 116),
(117, 117),
(118, 118),
(119, 119),
(120, 120),
(121, 121),
(122, 122),
(123, 123),
(124, 124),
(125, 125),
(126, 126),
(127, 127),
(128, 128),
(129, 129),
(130, 130),
(131, 131),
(132, 132),
(133, 133),
(134, 134),
(135, 135),
(136, 136),
(137, 137),
(138, 138),
(139, 139),
(140, 140),
(141, 141),
(142, 142),
(143, 143),
(144, 144);
INSERT INTO order_transaction (id, order_record_id, total_amount, description) VALUES
(1, 1, 395.55, 'Pedido #1'),
(2, 2, 429.35, 'Pedido #2'),
(3, 3, 863.09, 'Pedido #3'),
(4, 4, 591.49, 'Pedido #4'),
(5, 5, 787.39, 'Pedido #5'),
(6, 6, 326.19, 'Pedido #6'),
(7, 7, 430.49, 'Pedido #7'),
(8, 8, 817.49, 'Pedido #8'),
(9, 9, 612.39, 'Pedido #9'),
(10, 10, 721.89, 'Pedido #10'),
(11, 11, 870.89, 'Pedido #11'),
(12, 12, 197.35, 'Pedido #12'),
(13, 13, 762.09, 'Pedido #13'),
(14, 14, 717.09, 'Pedido #14'),
(15, 15, 579.45, 'Pedido #15'),
(16, 16, 485.8, 'Pedido #16'),
(17, 17, 319.85, 'Pedido #17'),
(18, 18, 662.15, 'Pedido #18'),
(19, 19, 791.55, 'Pedido #19'),
(20, 20, 93.35, 'Pedido #20'),
(21, 21, 300.29, 'Pedido #21'),
(22, 22, 667.49, 'Pedido #22'),
(23, 23, 184.45, 'Pedido #23'),
(24, 24, 630.15, 'Pedido #24'),
(25, 25, 521.79, 'Pedido #25'),
(26, 26, 556.49, 'Pedido #26'),
(27, 27, 456.39, 'Pedido #27'),
(28, 28, 686.45, 'Pedido #28'),
(29, 29, 582.39, 'Pedido #29'),
(30, 30, 722.64, 'Pedido #30'),
(31, 31, 682.22, 'Pedido #31'),
(32, 32, 896.19, 'Pedido #32'),
(33, 33, 631.99, 'Pedido #33'),
(34, 34, 483.75, 'Pedido #34'),
(35, 35, 697.95, 'Pedido #35'),
(36, 36, 696.86, 'Pedido #36'),
(37, 37, 328.45, 'Pedido #37'),
(38, 38, 702.69, 'Pedido #38'),
(39, 39, 842.5, 'Pedido #39'),
(40, 40, 871.89, 'Pedido #40'),
(41, 41, 221.79, 'Pedido #41'),
(42, 42, 685.49, 'Pedido #42'),
(43, 43, 147.09, 'Pedido #43'),
(44, 44, 623.69, 'Pedido #44'),
(45, 45, 206.59, 'Pedido #45'),
(46, 46, 475.5, 'Pedido #46'),
(47, 47, 495.85, 'Pedido #47'),
(48, 48, 255.19, 'Pedido #48'),
(49, 49, 271.25, 'Pedido #49'),
(50, 50, 627.19, 'Pedido #50'),
(51, 51, 878.09, 'Pedido #51'),
(52, 52, 615.39, 'Pedido #52'),
(53, 53, 114.15, 'Pedido #53'),
(54, 54, 824.34, 'Pedido #54'),
(55, 55, 479.2, 'Pedido #55'),
(56, 56, 813.29, 'Pedido #56'),
(57, 57, 961.59, 'Pedido #57'),
(58, 58, 583.2, 'Pedido #58'),
(59, 59, 481.09, 'Pedido #59'),
(60, 60, 726.76, 'Pedido #60'),
(61, 61, 449.59, 'Pedido #61'),
(62, 62, 428.7, 'Pedido #62'),
(63, 63, 725.94, 'Pedido #63'),
(64, 64, 764.29, 'Pedido #64'),
(65, 65, 592.89, 'Pedido #65'),
(66, 66, 795.15, 'Pedido #66'),
(67, 67, 800.3, 'Pedido #67'),
(68, 68, 732.85, 'Pedido #68'),
(69, 69, 224.89, 'Pedido #69'),
(70, 70, 539.6, 'Pedido #70'),
(71, 71, 556.99, 'Pedido #71'),
(72, 72, 385.25, 'Pedido #72'),
(73, 73, 533.05, 'Pedido #73'),
(74, 74, 183.59, 'Pedido #74'),
(75, 75, 679.09, 'Pedido #75'),
(76, 76, 885.09, 'Pedido #76'),
(77, 77, 932.49, 'Pedido #77'),
(78, 78, 489.49, 'Pedido #78'),
(79, 79, 40.35, 'Pedido #79'),
(80, 80, 131.15, 'Pedido #80'),
(81, 81, 888.59, 'Pedido #81'),
(82, 82, 124.49, 'Pedido #82'),
(83, 83, 501.95, 'Pedido #83'),
(84, 84, 387.89, 'Pedido #84'),
(85, 85, 739.49, 'Pedido #85'),
(86, 86, 86.55, 'Pedido #86'),
(87, 87, 665.39, 'Pedido #87'),
(88, 88, 564.38, 'Pedido #88'),
(89, 89, 309.33, 'Pedido #89'),
(90, 90, 581.25, 'Pedido #90'),
(91, 91, 130.2, 'Pedido #91'),
(92, 92, 746.49, 'Pedido #92'),
(93, 93, 651.2, 'Pedido #93'),
(94, 94, 316.79, 'Pedido #94'),
(95, 95, 338.59, 'Pedido #95'),
(96, 96, 391.35, 'Pedido #96'),
(97, 97, 814.1, 'Pedido #97'),
(98, 98, 379.65, 'Pedido #98'),
(99, 99, 980.65, 'Pedido #99'),
(100, 100, 55.35, 'Pedido #100'),
(101, 101, 642.09, 'Pedido #101'),
(102, 102, 172.49, 'Pedido #102'),
(103, 103, 460.59, 'Pedido #103'),
(104, 104, 808.19, 'Pedido #104'),
(105, 105, 494.99, 'Pedido #105'),
(106, 106, 118.29, 'Pedido #106'),
(107, 107, 322.5, 'Pedido #107'),
(108, 108, 588.69, 'Pedido #108'),
(109, 109, 957.79, 'Pedido #109'),
(110, 110, 393.99, 'Pedido #110'),
(111, 111, 951.79, 'Pedido #111'),
(112, 112, 398.59, 'Pedido #112'),
(113, 113, 551.26, 'Pedido #113'),
(114, 114, 325.29, 'Pedido #114'),
(115, 115, 374.39, 'Pedido #115'),
(116, 116, 142.19, 'Pedido #116'),
(117, 117, 580.05, 'Pedido #117'),
(118, 118, 308.69, 'Pedido #118'),
(119, 119, 379.49, 'Pedido #119'),
(120, 120, 243.55, 'Pedido #120'),
(121, 121, 923.15, 'Pedido #121'),
(122, 122, 61.29, 'Pedido #122'),
(123, 123, 433.6, 'Pedido #123'),
(124, 124, 215.89, 'Pedido #124'),
(125, 125, 719.39, 'Pedido #125'),
(126, 126, 253.75, 'Pedido #126'),
(127, 127, 500.69, 'Pedido #127'),
(128, 128, 974.65, 'Pedido #128'),
(129, 129, 588.9, 'Pedido #129'),
(130, 130, 757.49, 'Pedido #130'),
(131, 131, 647.25, 'Pedido #131'),
(132, 132, 497.49, 'Pedido #132'),
(133, 133, 567.89, 'Pedido #133'),
(134, 134, 768.1, 'Pedido #134'),
(135, 135, 227.29, 'Pedido #135'),
(136, 136, 330.89, 'Pedido #136'),
(137, 137, 298.69, 'Pedido #137'),
(138, 138, 977.55, 'Pedido #138'),
(139, 139, 482.09, 'Pedido #139'),
(140, 140, 309.09, 'Pedido #140'),
(141, 141, 378.96, 'Pedido #141'),
(142, 142, 667.29, 'Pedido #142'),
(143, 143, 255.19, 'Pedido #143'),
(144, 144, 652.55, 'Pedido #144');
INSERT INTO order_item (id, order_record_id, product_id, quantity, price) VALUES
(1, 1, 27, 5, 974.51),
(2, 1, 6, 5, 176.29),
(3, 1, 9, 2, 546.6),
(4, 1, 40, 10, 267.5),
(5, 1, 45, 9, 627.89),
(6, 2, 40, 4, 267.5),
(7, 3, 16, 5, 675.45),
(8, 3, 40, 10, 267.5),
(9, 3, 8, 4, 729.69),
(10, 3, 16, 7, 675.45),
(11, 4, 2, 1, 894.15),
(12, 4, 2, 4, 894.15),
(13, 5, 42, 3, 17.59),
(14, 6, 33, 1, 272),
(15, 6, 31, 6, 776.3),
(16, 6, 12, 4, 112.6),
(17, 6, 8, 4, 729.69),
(18, 6, 36, 1, 387.29),
(19, 7, 19, 2, 686.19),
(20, 7, 9, 10, 546.6),
(21, 7, 6, 3, 176.29),
(22, 8, 47, 8, 465.43),
(23, 9, 42, 1, 17.59),
(24, 9, 19, 7, 686.19),
(25, 9, 16, 5, 675.45),
(26, 9, 36, 9, 387.29),
(27, 9, 3, 10, 61.89),
(28, 10, 43, 3, 751.19),
(29, 10, 21, 9, 183.59),
(30, 11, 37, 8, 652.89),
(31, 12, 44, 4, 991.99),
(32, 12, 35, 6, 281.7),
(33, 12, 12, 9, 112.6),
(34, 12, 20, 5, 628.95),
(35, 12, 8, 6, 729.69),
(36, 13, 29, 8, 395.55),
(37, 13, 24, 4, 794.9),
(38, 13, 8, 7, 729.69),
(39, 13, 1, 3, 411.75),
(40, 13, 29, 7, 395.55),
(41, 14, 27, 9, 974.51),
(42, 14, 19, 9, 686.19),
(43, 15, 38, 10, 205.75),
(44, 15, 46, 6, 96.55),
(45, 15, 35, 5, 281.7),
(46, 15, 13, 7, 232.91),
(47, 15, 8, 10, 729.69),
(48, 16, 27, 1, 974.51),
(49, 17, 38, 7, 205.75),
(50, 17, 47, 9, 465.43),
(51, 17, 47, 5, 465.43),
(52, 17, 38, 8, 205.75),
(53, 17, 49, 4, 778.39),
(54, 18, 29, 2, 395.55),
(55, 18, 42, 6, 17.59),
(56, 18, 27, 9, 974.51),
(57, 19, 49, 5, 778.39),
(58, 19, 30, 5, 130.7),
(59, 19, 11, 7, 46.79),
(60, 19, 12, 5, 112.6),
(61, 20, 10, 6, 893.09),
(62, 21, 40, 9, 267.5),
(63, 21, 40, 4, 267.5),
(64, 22, 50, 5, 758.49),
(65, 22, 22, 5, 736.29),
(66, 22, 21, 3, 183.59),
(67, 23, 41, 4, 105.75),
(68, 23, 38, 1, 205.75),
(69, 23, 50, 6, 758.49),
(70, 23, 33, 4, 272),
(71, 23, 4, 6, 251.94),
(72, 24, 12, 2, 112.6),
(73, 24, 6, 7, 176.29),
(74, 24, 33, 8, 272),
(75, 24, 9, 5, 546.6),
(76, 25, 8, 3, 729.69),
(77, 25, 48, 7, 639.49),
(78, 25, 35, 6, 281.7),
(79, 25, 29, 7, 395.55),
(80, 25, 11, 4, 46.79),
(81, 26, 45, 10, 627.89),
(82, 26, 43, 1, 751.19),
(83, 26, 41, 1, 105.75),
(84, 27, 9, 4, 546.6),
(85, 28, 31, 3, 776.3),
(86, 29, 2, 9, 894.15),
(87, 29, 17, 10, 735.75),
(88, 29, 39, 4, 36.99),
(89, 30, 21, 6, 183.59),
(90, 30, 22, 1, 736.29),
(91, 30, 43, 8, 751.19),
(92, 31, 24, 10, 794.9),
(93, 31, 6, 8, 176.29),
(94, 31, 11, 1, 46.79),
(95, 32, 49, 4, 778.39),
(96, 32, 33, 4, 272),
(97, 33, 8, 9, 729.69),
(98, 33, 35, 10, 281.7),
(99, 33, 34, 6, 859.05),
(100, 34, 4, 2, 251.94),
(101, 35, 27, 10, 974.51),
(102, 35, 22, 2, 736.29),
(103, 35, 22, 10, 736.29),
(104, 36, 6, 9, 176.29),
(105, 36, 11, 9, 46.79),
(106, 36, 39, 7, 36.99),
(107, 37, 31, 8, 776.3),
(108, 37, 33, 1, 272),
(109, 38, 45, 10, 627.89),
(110, 39, 16, 2, 675.45),
(111, 39, 23, 2, 802.25),
(112, 39, 13, 5, 232.91),
(113, 40, 17, 3, 735.75),
(114, 40, 40, 5, 267.5),
(115, 40, 35, 6, 281.7),
(116, 41, 11, 5, 46.79),
(117, 41, 42, 1, 17.59),
(118, 42, 10, 4, 893.09),
(119, 42, 2, 5, 894.15),
(120, 42, 18, 2, 636.79),
(121, 42, 18, 8, 636.79),
(122, 43, 13, 8, 232.91),
(123, 43, 4, 1, 251.94),
(124, 43, 3, 8, 61.89),
(125, 43, 8, 2, 729.69),
(126, 44, 32, 7, 123.29),
(127, 44, 2, 5, 894.15),
(128, 44, 19, 2, 686.19),
(129, 44, 21, 3, 183.59),
(130, 45, 12, 10, 112.6),
(131, 46, 15, 2, 47.79),
(132, 46, 8, 7, 729.69),
(133, 46, 13, 9, 232.91),
(134, 46, 42, 6, 17.59),
(135, 46, 26, 1, 586.15),
(136, 47, 37, 2, 652.89),
(137, 47, 31, 8, 776.3),
(138, 47, 30, 6, 130.7),
(139, 47, 34, 3, 859.05),
(140, 47, 28, 3, 411),
(141, 48, 43, 8, 751.19),
(142, 49, 31, 3, 776.3),
(143, 50, 38, 8, 205.75),
(144, 50, 15, 7, 47.79),
(145, 50, 37, 4, 652.89),
(146, 50, 1, 7, 411.75),
(147, 50, 38, 6, 205.75),
(148, 51, 6, 3, 176.29),
(149, 51, 50, 9, 758.49),
(150, 51, 5, 5, 980.25),
(151, 52, 21, 8, 183.59),
(152, 53, 18, 3, 636.79),
(153, 53, 29, 10, 395.55),
(154, 53, 10, 4, 893.09),
(155, 53, 2, 9, 894.15),
(156, 54, 34, 9, 859.05),
(157, 54, 12, 3, 112.6),
(158, 54, 17, 7, 735.75),
(159, 55, 46, 5, 96.55),
(160, 56, 17, 1, 735.75),
(161, 56, 34, 1, 859.05),
(162, 57, 40, 6, 267.5),
(163, 57, 10, 2, 893.09),
(164, 58, 2, 9, 894.15),
(165, 58, 14, 2, 902.19),
(166, 58, 2, 1, 894.15),
(167, 59, 31, 9, 776.3),
(168, 59, 38, 6, 205.75),
(169, 59, 3, 10, 61.89),
(170, 60, 38, 5, 205.75),
(171, 61, 50, 3, 758.49),
(172, 61, 33, 3, 272),
(173, 61, 49, 4, 778.39),
(174, 61, 21, 9, 183.59),
(175, 61, 30, 8, 130.7),
(176, 62, 33, 2, 272),
(177, 62, 19, 10, 686.19),
(178, 62, 34, 6, 859.05),
(179, 62, 44, 9, 991.99),
(180, 63, 29, 5, 395.55),
(181, 64, 31, 1, 776.3),
(182, 64, 38, 8, 205.75),
(183, 65, 45, 2, 627.89),
(184, 66, 41, 2, 105.75),
(185, 66, 19, 9, 686.19),
(186, 66, 1, 2, 411.75),
(187, 67, 12, 10, 112.6),
(188, 67, 37, 8, 652.89),
(189, 67, 11, 3, 46.79),
(190, 68, 19, 4, 686.19),
(191, 68, 35, 6, 281.7),
(192, 68, 4, 6, 251.94),
(193, 68, 30, 6, 130.7),
(194, 69, 41, 9, 105.75),
(195, 69, 17, 3, 735.75),
(196, 69, 19, 1, 686.19),
(197, 69, 46, 8, 96.55),
(198, 70, 42, 6, 17.59),
(199, 70, 30, 5, 130.7),
(200, 71, 35, 9, 281.7),
(201, 71, 32, 4, 123.29),
(202, 72, 26, 8, 586.15),
(203, 72, 43, 1, 751.19),
(204, 72, 40, 1, 267.5),
(205, 73, 22, 2, 736.29),
(206, 73, 46, 10, 96.55),
(207, 73, 14, 9, 902.19),
(208, 74, 11, 9, 46.79),
(209, 74, 14, 3, 902.19),
(210, 75, 11, 1, 46.79),
(211, 75, 7, 2, 237.79),
(212, 75, 12, 4, 112.6),
(213, 76, 49, 5, 778.39),
(214, 76, 22, 6, 736.29),
(215, 76, 7, 1, 237.79),
(216, 76, 36, 6, 387.29),
(217, 77, 22, 8, 736.29),
(218, 77, 25, 2, 288.21),
(219, 77, 14, 4, 902.19),
(220, 77, 28, 2, 411),
(221, 77, 43, 2, 751.19),
(222, 78, 3, 2, 61.89),
(223, 78, 27, 5, 974.51),
(224, 79, 29, 7, 395.55),
(225, 79, 24, 3, 794.9),
(226, 79, 40, 6, 267.5),
(227, 79, 40, 2, 267.5),
(228, 79, 25, 8, 288.21),
(229, 80, 11, 6, 46.79),
(230, 80, 15, 4, 47.79),
(231, 80, 15, 3, 47.79),
(232, 81, 6, 8, 176.29),
(233, 82, 46, 10, 96.55),
(234, 82, 29, 4, 395.55),
(235, 82, 41, 6, 105.75),
(236, 83, 18, 8, 636.79),
(237, 83, 33, 3, 272),
(238, 83, 22, 7, 736.29),
(239, 83, 8, 2, 729.69),
(240, 84, 50, 1, 758.49),
(241, 85, 33, 6, 272),
(242, 86, 2, 8, 894.15),
(243, 86, 32, 8, 123.29),
(244, 86, 25, 5, 288.21),
(245, 86, 26, 5, 586.15),
(246, 86, 8, 1, 729.69),
(247, 87, 41, 3, 105.75),
(248, 87, 10, 10, 893.09),
(249, 87, 21, 2, 183.59),
(250, 87, 11, 2, 46.79),
(251, 87, 49, 8, 778.39),
(252, 88, 32, 9, 123.29),
(253, 88, 36, 9, 387.29),
(254, 88, 46, 10, 96.55),
(255, 89, 41, 6, 105.75),
(256, 89, 21, 6, 183.59),
(257, 89, 43, 3, 751.19),
(258, 89, 15, 10, 47.79),
(259, 90, 45, 5, 627.89),
(260, 90, 10, 7, 893.09),
(261, 91, 46, 8, 96.55),
(262, 91, 35, 1, 281.7),
(263, 91, 30, 3, 130.7),
(264, 91, 39, 5, 36.99),
(265, 92, 3, 9, 61.89),
(266, 93, 13, 3, 232.91),
(267, 93, 31, 6, 776.3),
(268, 94, 23, 10, 802.25),
(269, 95, 12, 8, 112.6),
(270, 95, 22, 4, 736.29),
(271, 95, 11, 3, 46.79),
(272, 95, 18, 2, 636.79),
(273, 96, 11, 6, 46.79),
(274, 96, 11, 2, 46.79),
(275, 96, 34, 9, 859.05),
(276, 97, 34, 3, 859.05),
(277, 97, 38, 3, 205.75),
(278, 97, 15, 1, 47.79),
(279, 97, 6, 5, 176.29),
(280, 98, 35, 7, 281.7),
(281, 98, 30, 2, 130.7),
(282, 99, 4, 1, 251.94),
(283, 100, 2, 9, 894.15),
(284, 101, 12, 4, 112.6),
(285, 102, 31, 2, 776.3),
(286, 102, 49, 5, 778.39),
(287, 102, 28, 7, 411),
(288, 103, 50, 7, 758.49),
(289, 103, 26, 3, 586.15),
(290, 103, 9, 1, 546.6),
(291, 104, 5, 9, 980.25),
(292, 104, 30, 3, 130.7),
(293, 105, 40, 6, 267.5),
(294, 106, 20, 1, 628.95),
(295, 107, 36, 7, 387.29),
(296, 107, 40, 4, 267.5),
(297, 107, 3, 3, 61.89),
(298, 108, 9, 4, 546.6),
(299, 108, 24, 9, 794.9),
(300, 108, 15, 8, 47.79),
(301, 109, 47, 6, 465.43),
(302, 110, 27, 6, 974.51),
(303, 110, 14, 3, 902.19),
(304, 110, 18, 2, 636.79),
(305, 110, 26, 6, 586.15),
(306, 110, 7, 5, 237.79),
(307, 111, 2, 2, 894.15),
(308, 111, 23, 6, 802.25),
(309, 111, 39, 1, 36.99),
(310, 112, 2, 2, 894.15),
(311, 112, 43, 8, 751.19),
(312, 112, 24, 10, 794.9),
(313, 112, 3, 10, 61.89),
(314, 113, 3, 9, 61.89),
(315, 113, 6, 5, 176.29),
(316, 113, 5, 9, 980.25),
(317, 113, 40, 5, 267.5),
(318, 113, 33, 3, 272),
(319, 114, 31, 7, 776.3),
(320, 114, 22, 3, 736.29),
(321, 114, 21, 3, 183.59),
(322, 114, 37, 4, 652.89),
(323, 114, 38, 1, 205.75),
(324, 115, 16, 2, 675.45),
(325, 115, 13, 4, 232.91),
(326, 115, 37, 5, 652.89),
(327, 115, 2, 6, 894.15),
(328, 116, 1, 2, 411.75),
(329, 116, 46, 4, 96.55),
(330, 116, 43, 2, 751.19),
(331, 116, 40, 4, 267.5),
(332, 116, 12, 7, 112.6),
(333, 117, 23, 1, 802.25),
(334, 117, 23, 4, 802.25),
(335, 117, 12, 6, 112.6),
(336, 118, 31, 5, 776.3),
(337, 118, 31, 1, 776.3),
(338, 119, 16, 10, 675.45),
(339, 119, 38, 3, 205.75),
(340, 119, 25, 8, 288.21),
(341, 120, 13, 10, 232.91),
(342, 120, 12, 5, 112.6),
(343, 120, 13, 2, 232.91),
(344, 121, 13, 1, 232.91),
(345, 122, 36, 5, 387.29),
(346, 122, 23, 8, 802.25),
(347, 122, 6, 2, 176.29),
(348, 122, 7, 3, 237.79),
(349, 122, 39, 5, 36.99),
(350, 123, 20, 6, 628.95),
(351, 123, 30, 4, 130.7),
(352, 123, 25, 9, 288.21),
(353, 123, 23, 2, 802.25),
(354, 123, 6, 4, 176.29),
(355, 124, 5, 6, 980.25),
(356, 125, 22, 6, 736.29),
(357, 125, 8, 4, 729.69),
(358, 125, 20, 9, 628.95),
(359, 126, 25, 5, 288.21),
(360, 126, 3, 10, 61.89),
(361, 126, 49, 2, 778.39),
(362, 126, 37, 7, 652.89),
(363, 126, 34, 10, 859.05),
(364, 127, 7, 4, 237.79),
(365, 128, 46, 1, 96.55),
(366, 129, 24, 7, 794.9),
(367, 129, 26, 1, 586.15),
(368, 129, 7, 8, 237.79),
(369, 129, 25, 8, 288.21),
(370, 129, 22, 5, 736.29),
(371, 130, 42, 7, 17.59),
(372, 130, 42, 8, 17.59),
(373, 130, 49, 3, 778.39),
(374, 130, 37, 5, 652.89),
(375, 130, 33, 2, 272),
(376, 131, 37, 5, 652.89),
(377, 131, 29, 3, 395.55),
(378, 132, 44, 1, 991.99),
(379, 132, 26, 4, 586.15),
(380, 132, 5, 3, 980.25),
(381, 132, 26, 5, 586.15),
(382, 132, 11, 3, 46.79),
(383, 133, 13, 6, 232.91),
(384, 133, 47, 2, 465.43),
(385, 133, 16, 10, 675.45),
(386, 133, 8, 3, 729.69),
(387, 133, 4, 4, 251.94),
(388, 134, 37, 6, 652.89),
(389, 134, 34, 8, 859.05),
(390, 134, 3, 3, 61.89),
(391, 135, 1, 7, 411.75),
(392, 135, 21, 10, 183.59),
(393, 136, 29, 4, 395.55),
(394, 136, 45, 7, 627.89),
(395, 136, 44, 9, 991.99),
(396, 136, 9, 10, 546.6),
(397, 137, 22, 9, 736.29),
(398, 137, 10, 3, 893.09),
(399, 138, 32, 1, 123.29),
(400, 138, 8, 1, 729.69),
(401, 138, 46, 6, 96.55),
(402, 138, 39, 3, 36.99),
(403, 139, 4, 10, 251.94),
(404, 139, 44, 2, 991.99),
(405, 139, 20, 9, 628.95),
(406, 139, 43, 8, 751.19),
(407, 140, 48, 1, 639.49),
(408, 140, 37, 3, 652.89),
(409, 140, 32, 4, 123.29),
(410, 141, 4, 8, 251.94),
(411, 141, 8, 8, 729.69),
(412, 141, 47, 8, 465.43),
(413, 141, 46, 4, 96.55),
(414, 142, 40, 5, 267.5),
(415, 143, 1, 5, 411.75),
(416, 143, 18, 10, 636.79),
(417, 143, 6, 3, 176.29),
(418, 143, 7, 8, 237.79),
(419, 144, 48, 9, 639.49),
(420, 144, 5, 5, 980.25),
(421, 144, 31, 3, 776.3),
(422, 144, 23, 4, 802.25);

-- Atualizar sequências após inserções manuais

-- user_address.id
SELECT setval(pg_get_serial_sequence('user_address', 'id'), (SELECT COALESCE(MAX(id), 1) FROM user_address));

-- user_profile.id
SELECT setval(pg_get_serial_sequence('user_profile', 'id'), (SELECT COALESCE(MAX(id), 1) FROM user_profile));

-- role.id
SELECT setval(pg_get_serial_sequence('role', 'id'), (SELECT COALESCE(MAX(id), 1) FROM role));

-- product.id
SELECT setval(pg_get_serial_sequence('product', 'id'), (SELECT COALESCE(MAX(id), 1) FROM product));

-- cart.id
SELECT setval(pg_get_serial_sequence('cart', 'id'), (SELECT COALESCE(MAX(id), 1) FROM cart));

-- cart_item.id
SELECT setval(pg_get_serial_sequence('cart_item', 'id'), (SELECT COALESCE(MAX(id), 1) FROM cart_item));

-- order_record.id
SELECT setval(pg_get_serial_sequence('order_record', 'id'), (SELECT COALESCE(MAX(id), 1) FROM order_record));

-- order_item.id
SELECT setval(pg_get_serial_sequence('order_item', 'id'), (SELECT COALESCE(MAX(id), 1) FROM order_item));

-- order_invoice.id
SELECT setval(pg_get_serial_sequence('order_invoice', 'id'), (SELECT COALESCE(MAX(id), 1) FROM order_invoice));

-- order_transaction.id
SELECT setval(pg_get_serial_sequence('order_transaction', 'id'), (SELECT COALESCE(MAX(id), 1) FROM order_transaction));
  
