-- ===========================
-- Schema creation
-- ===========================

-- Extensions
CREATE EXTENSION IF NOT EXISTS "pgcrypto";

-- Users
CREATE TABLE user_account (
    id UUID PRIMARY KEY DEFAULT gen_random_uuid(),
    name VARCHAR(100) NOT NULL,
    email VARCHAR(100) UNIQUE NOT NULL,
    birthdate DATE,
    password_hash TEXT NOT NULL,
    created_at TIMESTAMP DEFAULT CURRENT_TIMESTAMP,
    updated_at TIMESTAMP DEFAULT CURRENT_TIMESTAMP
);

CREATE TABLE user_address (
    id SERIAL PRIMARY KEY,
    user_id UUID REFERENCES user_account(id),
    street VARCHAR(100),
    city VARCHAR(50)
);

CREATE TABLE user_profile (
    id SERIAL PRIMARY KEY,
    user_id UUID REFERENCES user_account(id),
    photo VARCHAR(255)
);

-- Auth & Authz
CREATE TABLE role (
    id SERIAL PRIMARY KEY,
    name VARCHAR(50)
);

CREATE TABLE user_role (
    user_id UUID NOT NULL,
    role_id INT NOT NULL,
    PRIMARY KEY (user_id, role_id),
    CONSTRAINT fk_user
        FOREIGN KEY (user_id) REFERENCES user_account(id)
        ON DELETE CASCADE,
    CONSTRAINT fk_role
        FOREIGN KEY (role_id) REFERENCES role(id)
        ON DELETE CASCADE
);

CREATE TABLE jwt_token (
    id UUID PRIMARY KEY DEFAULT gen_random_uuid(),
    user_id UUID NOT NULL,
    token TEXT NOT NULL UNIQUE,
    expires_at TIMESTAMP NOT NULL,
    revoked BOOLEAN DEFAULT FALSE,
    created_at TIMESTAMP DEFAULT now(),
    updated_at TIMESTAMP DEFAULT now()
);

-- Products
CREATE TABLE product (
    id SERIAL PRIMARY KEY,
    name VARCHAR(100),
    description TEXT,
    price NUMERIC(10,2),
    stock INTEGER,
    category VARCHAR(50)
);

-- Shopping Cart
CREATE TABLE cart (
    id SERIAL PRIMARY KEY,
    user_id UUID REFERENCES user_account(id)
);

CREATE TABLE cart_item (
    id SERIAL PRIMARY KEY,
    product_id INTEGER REFERENCES product(id),
    cart_id INTEGER REFERENCES cart(id),
    quantity INTEGER
);

-- Orders and Payments
CREATE TABLE order_record (
    id SERIAL PRIMARY KEY,
    user_id UUID REFERENCES user_account(id),
    date TIMESTAMP,
    status VARCHAR(20)
);

CREATE TABLE order_invoice (
    id SERIAL PRIMARY KEY,
    order_record_id INTEGER REFERENCES order_record(id)
);

CREATE TABLE order_transaction (
    id SERIAL PRIMARY KEY,
    total_amount NUMERIC(10,2),
    description TEXT
);

-- Shipping and Logistics
CREATE TABLE delivery (
    id SERIAL PRIMARY KEY,
    order_record_id INTEGER REFERENCES order_record(id)
);

CREATE TABLE tracking (
    code VARCHAR(50) PRIMARY KEY
);

CREATE TABLE carrier (
    id SERIAL PRIMARY KEY,
    name VARCHAR(100)
);

CREATE TABLE delivery_status (
    id SERIAL PRIMARY KEY
);

-- Support
CREATE TABLE return_request (
    id SERIAL PRIMARY KEY,
    user_id UUID REFERENCES user_account(id)
);

CREATE TABLE support_ticket (
    id SERIAL PRIMARY KEY,
    user_id UUID REFERENCES user_account(id),
    description TEXT
);

CREATE TABLE feedback (
    id SERIAL PRIMARY KEY,
    user_id UUID REFERENCES user_account(id)
);

-- ===========================
-- Seed data
-- ===========================
  INSERT INTO user_account (id, name, email, birthdate, password_hash, created_at, updated_at) VALUES
('61f51a23-4ba8-46c8-80fd-96e9d50b0f9f', 'Gilberto Graham', 'Sophie_Borer@hotmail.com', '2002-12-02', '$2b$10$aMG1tJGuDyvYJQYi/J4CA.zwvfOXz0jIxSI2Oj6nLF1fHsqd2wasy', '2025-05-24 02:40:58', '2025-05-24 02:40:58'),
('523cc5e0-a6b8-4456-aa6c-23ea1d831b0f', 'Joseph Leannon', 'Jordan.Brown@yahoo.com', '1958-07-13', '$2b$10$aMG1tJGuDyvYJQYi/J4CA.zwvfOXz0jIxSI2Oj6nLF1fHsqd2wasy', '2025-05-24 02:40:58', '2025-05-24 02:40:58'),
('1eb6a2ab-bace-458b-87d8-b33eb472f61e', 'Sergio Ortiz-Little', 'Laila.Lehner47@gmail.com', '1962-01-11', '$2b$10$aMG1tJGuDyvYJQYi/J4CA.zwvfOXz0jIxSI2Oj6nLF1fHsqd2wasy', '2025-05-24 02:40:58', '2025-05-24 02:40:58'),
('048ed5d8-c56a-4afe-b255-5ee015544f30', 'Mindy Murray', 'Davion66@gmail.com', '2000-02-26', '$2b$10$aMG1tJGuDyvYJQYi/J4CA.zwvfOXz0jIxSI2Oj6nLF1fHsqd2wasy', '2025-05-24 02:40:58', '2025-05-24 02:40:58'),
('35125403-ea04-43a0-808f-89d0acf80e22', 'Julian Harber', 'Lindsay98@yahoo.com', '1986-07-11', '$2b$10$aMG1tJGuDyvYJQYi/J4CA.zwvfOXz0jIxSI2Oj6nLF1fHsqd2wasy', '2025-05-24 02:40:58', '2025-05-24 02:40:58'),
('30edef40-6b1f-485b-9a9c-01677aa5690c', 'Clyde Weissnat', 'Alejandra_Glover@yahoo.com', '1990-01-26', '$2b$10$aMG1tJGuDyvYJQYi/J4CA.zwvfOXz0jIxSI2Oj6nLF1fHsqd2wasy', '2025-05-24 02:40:58', '2025-05-24 02:40:58'),
('79756709-1793-4484-9bbf-6cf818bc1612', 'Eunice Reilly', 'Dixie.Jones3@gmail.com', '1987-07-17', '$2b$10$aMG1tJGuDyvYJQYi/J4CA.zwvfOXz0jIxSI2Oj6nLF1fHsqd2wasy', '2025-05-24 02:40:58', '2025-05-24 02:40:58'),
('9ea405a3-5533-4da9-aab4-c68cf192919e', 'Mr. Alberto Gleason', 'Sonia.Johns92@yahoo.com', '1953-04-02', '$2b$10$aMG1tJGuDyvYJQYi/J4CA.zwvfOXz0jIxSI2Oj6nLF1fHsqd2wasy', '2025-05-24 02:40:58', '2025-05-24 02:40:58'),
('5ff0be16-5a12-4aeb-a2f1-8277aaa8b3dc', 'Rosalie Lehner-Brakus', 'Nolan36@gmail.com', '1985-04-15', '$2b$10$aMG1tJGuDyvYJQYi/J4CA.zwvfOXz0jIxSI2Oj6nLF1fHsqd2wasy', '2025-05-24 02:40:58', '2025-05-24 02:40:58'),
('9b39c423-ea0b-4724-b9b6-1145484d266c', 'Carole Boyle-Monahan', 'Ernie.Hoppe86@yahoo.com', '1971-07-16', '$2b$10$aMG1tJGuDyvYJQYi/J4CA.zwvfOXz0jIxSI2Oj6nLF1fHsqd2wasy', '2025-05-24 02:40:58', '2025-05-24 02:40:58'),
('8bac7181-3c4e-4ce4-a0cb-a2de2cfa8bc4', 'Erica Schulist III', 'Daryl.OConner@hotmail.com', '1986-09-09', '$2b$10$aMG1tJGuDyvYJQYi/J4CA.zwvfOXz0jIxSI2Oj6nLF1fHsqd2wasy', '2025-05-24 02:40:58', '2025-05-24 02:40:58'),
('51b0958f-7a2a-438c-8589-b5f1e9963e2f', 'Nathaniel Barrows', 'Brannon83@gmail.com', '1955-05-12', '$2b$10$aMG1tJGuDyvYJQYi/J4CA.zwvfOXz0jIxSI2Oj6nLF1fHsqd2wasy', '2025-05-24 02:40:58', '2025-05-24 02:40:58'),
('c6dde2d0-53c6-4d9b-82b5-ec793a27c4f1', 'Dianne Herman', 'Darrell84@gmail.com', '1965-04-06', '$2b$10$aMG1tJGuDyvYJQYi/J4CA.zwvfOXz0jIxSI2Oj6nLF1fHsqd2wasy', '2025-05-24 02:40:58', '2025-05-24 02:40:58'),
('3114c3d0-bdd9-4ab5-b510-667451b5849a', 'Miss Alison Reichert', 'Keegan_Kuphal30@yahoo.com', '1952-01-23', '$2b$10$aMG1tJGuDyvYJQYi/J4CA.zwvfOXz0jIxSI2Oj6nLF1fHsqd2wasy', '2025-05-24 02:40:58', '2025-05-24 02:40:58'),
('a0767678-3cd8-479f-9c6b-0b37977ef404', 'Mr. Hugo Ryan', 'Brown.Torphy76@gmail.com', '1970-06-15', '$2b$10$aMG1tJGuDyvYJQYi/J4CA.zwvfOXz0jIxSI2Oj6nLF1fHsqd2wasy', '2025-05-24 02:40:58', '2025-05-24 02:40:58'),
('d5766bf9-0b42-4596-982e-6eaa63bd9dcd', 'Hugo Howell V', 'Nella.Hermiston@hotmail.com', '1958-07-25', '$2b$10$aMG1tJGuDyvYJQYi/J4CA.zwvfOXz0jIxSI2Oj6nLF1fHsqd2wasy', '2025-05-24 02:40:58', '2025-05-24 02:40:58'),
('a37335c8-fbb6-49b4-b4ad-306681de8c12', 'Catherine Lebsack', 'Abner_Reichert-Stoltenberg2@gmail.com', '1998-01-02', '$2b$10$aMG1tJGuDyvYJQYi/J4CA.zwvfOXz0jIxSI2Oj6nLF1fHsqd2wasy', '2025-05-24 02:40:58', '2025-05-24 02:40:58'),
('59beef08-4627-40eb-9d25-6582177155f8', 'Wallace Wolf', 'Rocio_Glover@hotmail.com', '1973-04-26', '$2b$10$aMG1tJGuDyvYJQYi/J4CA.zwvfOXz0jIxSI2Oj6nLF1fHsqd2wasy', '2025-05-24 02:40:58', '2025-05-24 02:40:58'),
('9f2f30db-a1a9-4752-b26f-f6945133161b', 'Marcella Wiegand', 'Allie.Bergstrom@hotmail.com', '1986-08-24', '$2b$10$aMG1tJGuDyvYJQYi/J4CA.zwvfOXz0jIxSI2Oj6nLF1fHsqd2wasy', '2025-05-24 02:40:58', '2025-05-24 02:40:58'),
('ec32951a-7618-472f-86bd-b3e302fbd0e8', 'Mable Bayer-Hickle PhD', 'Angelina.Rempel33@hotmail.com', '1967-04-06', '$2b$10$aMG1tJGuDyvYJQYi/J4CA.zwvfOXz0jIxSI2Oj6nLF1fHsqd2wasy', '2025-05-24 02:40:58', '2025-05-24 02:40:58'),
('2b0cad73-5ea2-40fb-a55f-718ebceb8f7d', 'Javier Lemke', 'Sallie_Franey@gmail.com', '1990-10-11', '$2b$10$aMG1tJGuDyvYJQYi/J4CA.zwvfOXz0jIxSI2Oj6nLF1fHsqd2wasy', '2025-05-24 02:40:58', '2025-05-24 02:40:58'),
('ed38b6ee-2c19-41db-ad69-712d0902cf5e', 'Brendan Halvorson II', 'Katelyn.Ratke@gmail.com', '2003-10-29', '$2b$10$aMG1tJGuDyvYJQYi/J4CA.zwvfOXz0jIxSI2Oj6nLF1fHsqd2wasy', '2025-05-24 02:40:58', '2025-05-24 02:40:58'),
('d073b770-92f1-41c1-933e-9e8d1399c534', 'Mr. Adam Denesik', 'Jairo_Larson67@hotmail.com', '1998-12-12', '$2b$10$aMG1tJGuDyvYJQYi/J4CA.zwvfOXz0jIxSI2Oj6nLF1fHsqd2wasy', '2025-05-24 02:40:58', '2025-05-24 02:40:58'),
('e5d45700-04d1-4dcc-9980-6fe133c5ea45', 'Daisy Feeney', 'Kassandra27@yahoo.com', '1952-12-16', '$2b$10$aMG1tJGuDyvYJQYi/J4CA.zwvfOXz0jIxSI2Oj6nLF1fHsqd2wasy', '2025-05-24 02:40:58', '2025-05-24 02:40:58'),
('d400b445-b47b-47a1-82b8-e711d211e36d', 'Brooke Lesch', 'Ottilie.Terry95@yahoo.com', '2002-12-13', '$2b$10$aMG1tJGuDyvYJQYi/J4CA.zwvfOXz0jIxSI2Oj6nLF1fHsqd2wasy', '2025-05-24 02:40:58', '2025-05-24 02:40:58'),
('e95e3d60-0326-4846-95d3-23362af6776a', 'Max Quigley', 'Dangelo27@yahoo.com', '1991-02-06', '$2b$10$aMG1tJGuDyvYJQYi/J4CA.zwvfOXz0jIxSI2Oj6nLF1fHsqd2wasy', '2025-05-24 02:40:58', '2025-05-24 02:40:58'),
('17ed631d-c959-4af2-9fef-26cd29ed540e', 'Dr. Bessie Zemlak-Barrows', 'Delia.Wuckert86@gmail.com', '1958-09-01', '$2b$10$aMG1tJGuDyvYJQYi/J4CA.zwvfOXz0jIxSI2Oj6nLF1fHsqd2wasy', '2025-05-24 02:40:58', '2025-05-24 02:40:58'),
('f3267953-240d-41d8-9c63-1bbf61847026', 'Lewis Weimann', 'Destini.Raynor91@gmail.com', '1975-11-19', '$2b$10$aMG1tJGuDyvYJQYi/J4CA.zwvfOXz0jIxSI2Oj6nLF1fHsqd2wasy', '2025-05-24 02:40:58', '2025-05-24 02:40:58'),
('8481a314-680d-4445-8f8f-5b068caa296d', 'Gretchen Cole', 'Kristian.Rodriguez@hotmail.com', '2004-11-19', '$2b$10$aMG1tJGuDyvYJQYi/J4CA.zwvfOXz0jIxSI2Oj6nLF1fHsqd2wasy', '2025-05-24 02:40:58', '2025-05-24 02:40:58'),
('9ef341ec-55a8-4282-9fc3-d27c511ddcdf', 'Simon Barrows', 'Kayleigh13@yahoo.com', '1975-02-24', '$2b$10$aMG1tJGuDyvYJQYi/J4CA.zwvfOXz0jIxSI2Oj6nLF1fHsqd2wasy', '2025-05-24 02:40:58', '2025-05-24 02:40:58'),
('25f8f05b-de86-4324-9b1d-9e35ee67f587', 'Joyce Kovacek', 'Amy89@hotmail.com', '1978-05-28', '$2b$10$aMG1tJGuDyvYJQYi/J4CA.zwvfOXz0jIxSI2Oj6nLF1fHsqd2wasy', '2025-05-24 02:40:58', '2025-05-24 02:40:58'),
('40fd9bee-b2d2-49a1-b4cb-b768fc9d83b8', 'Kelly Bednar', 'Gerhard.Marquardt@hotmail.com', '1987-05-21', '$2b$10$aMG1tJGuDyvYJQYi/J4CA.zwvfOXz0jIxSI2Oj6nLF1fHsqd2wasy', '2025-05-24 02:40:58', '2025-05-24 02:40:58'),
('6ade14d9-e285-447d-affd-1853b1f2bbee', 'Tabitha Herzog V', 'Edward.Beer63@yahoo.com', '1977-10-16', '$2b$10$aMG1tJGuDyvYJQYi/J4CA.zwvfOXz0jIxSI2Oj6nLF1fHsqd2wasy', '2025-05-24 02:40:58', '2025-05-24 02:40:58'),
('983a3a34-ec75-4ae9-8927-4bb7c8da0102', 'Dr. Neil Gleichner', 'Deanna.Ratke99@hotmail.com', '1968-07-03', '$2b$10$aMG1tJGuDyvYJQYi/J4CA.zwvfOXz0jIxSI2Oj6nLF1fHsqd2wasy', '2025-05-24 02:40:58', '2025-05-24 02:40:58'),
('8d7d8905-7be3-4906-aed1-5880909561c7', 'Doug Effertz-VonRueden', 'Cornell.Lubowitz@yahoo.com', '1962-05-14', '$2b$10$aMG1tJGuDyvYJQYi/J4CA.zwvfOXz0jIxSI2Oj6nLF1fHsqd2wasy', '2025-05-24 02:40:58', '2025-05-24 02:40:58'),
('0ef1a94c-2e80-4ec3-be83-120554e64472', 'Isaac Homenick', 'Arnulfo.Collier94@yahoo.com', '1990-11-29', '$2b$10$aMG1tJGuDyvYJQYi/J4CA.zwvfOXz0jIxSI2Oj6nLF1fHsqd2wasy', '2025-05-24 02:40:58', '2025-05-24 02:40:58'),
('00cfcb75-65c8-4254-9386-4f788a9b0efb', 'Emmett Kuhic', 'Victor86@yahoo.com', '1959-02-26', '$2b$10$aMG1tJGuDyvYJQYi/J4CA.zwvfOXz0jIxSI2Oj6nLF1fHsqd2wasy', '2025-05-24 02:40:58', '2025-05-24 02:40:58'),
('08f9af27-8f63-48cc-a955-30f82d37797f', 'Miss Tiffany Ondricka', 'Gertrude.Walker54@hotmail.com', '1974-03-22', '$2b$10$aMG1tJGuDyvYJQYi/J4CA.zwvfOXz0jIxSI2Oj6nLF1fHsqd2wasy', '2025-05-24 02:40:58', '2025-05-24 02:40:58'),
('947f4521-cbb0-453b-aa4d-f872446994f2', 'Tamara Kirlin', 'Vladimir29@gmail.com', '1993-01-01', '$2b$10$aMG1tJGuDyvYJQYi/J4CA.zwvfOXz0jIxSI2Oj6nLF1fHsqd2wasy', '2025-05-24 02:40:58', '2025-05-24 02:40:58'),
('6ad4225a-0b20-4da5-9932-e65ceef19e05', 'Raul Bernhard Jr.', 'Cecelia.Lebsack@gmail.com', '1965-01-27', '$2b$10$aMG1tJGuDyvYJQYi/J4CA.zwvfOXz0jIxSI2Oj6nLF1fHsqd2wasy', '2025-05-24 02:40:58', '2025-05-24 02:40:58'),
('ffc6874a-8322-4a72-9e0b-598fa005f049', 'Crystal Considine', 'Hayden.Mitchell@yahoo.com', '1975-03-20', '$2b$10$aMG1tJGuDyvYJQYi/J4CA.zwvfOXz0jIxSI2Oj6nLF1fHsqd2wasy', '2025-05-24 02:40:58', '2025-05-24 02:40:58'),
('75fb09c1-009c-4ba5-959d-e56af0bfb437', 'Mr. Alvin Botsford', 'Reva62@gmail.com', '2003-10-18', '$2b$10$aMG1tJGuDyvYJQYi/J4CA.zwvfOXz0jIxSI2Oj6nLF1fHsqd2wasy', '2025-05-24 02:40:58', '2025-05-24 02:40:58'),
('5371aa59-8f00-4d28-aaf6-7f33175a8066', 'Jesse Abshire', 'Layne59@hotmail.com', '1955-06-23', '$2b$10$aMG1tJGuDyvYJQYi/J4CA.zwvfOXz0jIxSI2Oj6nLF1fHsqd2wasy', '2025-05-24 02:40:58', '2025-05-24 02:40:58'),
('68fd7ac6-0b4f-4bb1-9fc3-d1173a8eaeff', 'Conrad Rowe', 'Abelardo87@yahoo.com', '1958-10-22', '$2b$10$aMG1tJGuDyvYJQYi/J4CA.zwvfOXz0jIxSI2Oj6nLF1fHsqd2wasy', '2025-05-24 02:40:58', '2025-05-24 02:40:58'),
('85705895-2950-4cff-a866-58bae83474b7', 'Tim Greenfelder', 'Doyle94@yahoo.com', '1985-10-04', '$2b$10$aMG1tJGuDyvYJQYi/J4CA.zwvfOXz0jIxSI2Oj6nLF1fHsqd2wasy', '2025-05-24 02:40:58', '2025-05-24 02:40:58'),
('61a6674b-7e82-420d-9180-7e50522ec46d', 'Corey Pacocha', 'Elmira_Hermiston@hotmail.com', '1986-11-21', '$2b$10$aMG1tJGuDyvYJQYi/J4CA.zwvfOXz0jIxSI2Oj6nLF1fHsqd2wasy', '2025-05-24 02:40:58', '2025-05-24 02:40:58'),
('c3bfa397-ca58-44ec-8dc9-184ebe4e8078', 'Timothy Rogahn', 'Maribel.Schneider52@gmail.com', '1957-08-20', '$2b$10$aMG1tJGuDyvYJQYi/J4CA.zwvfOXz0jIxSI2Oj6nLF1fHsqd2wasy', '2025-05-24 02:40:58', '2025-05-24 02:40:58'),
('6530c633-8724-4756-b468-fb546b2ad9e0', 'Jake Rolfson', 'Toby_Zemlak@gmail.com', '1968-02-15', '$2b$10$aMG1tJGuDyvYJQYi/J4CA.zwvfOXz0jIxSI2Oj6nLF1fHsqd2wasy', '2025-05-24 02:40:58', '2025-05-24 02:40:58'),
('410a3bd3-d464-45bc-8945-446cf748b9c1', 'Sam Barton', 'Osvaldo.Leffler@hotmail.com', '1966-05-23', '$2b$10$aMG1tJGuDyvYJQYi/J4CA.zwvfOXz0jIxSI2Oj6nLF1fHsqd2wasy', '2025-05-24 02:40:58', '2025-05-24 02:40:58'),
('f44ff430-75a4-4066-8398-7466ab0c38d6', 'Brett Parker', 'Lelia99@yahoo.com', '1971-10-13', '$2b$10$aMG1tJGuDyvYJQYi/J4CA.zwvfOXz0jIxSI2Oj6nLF1fHsqd2wasy', '2025-05-24 02:40:58', '2025-05-24 02:40:58'),
('e5727d1f-d55a-42e2-9a92-3c98b4e3b85c', 'Mr. Herbert Thiel', 'Junius63@hotmail.com', '1957-06-30', '$2b$10$aMG1tJGuDyvYJQYi/J4CA.zwvfOXz0jIxSI2Oj6nLF1fHsqd2wasy', '2025-05-24 02:40:58', '2025-05-24 02:40:58'),
('61433667-e382-41e9-8da9-a88265d84da4', 'Kristopher Hintz', 'Dayne.Moore@gmail.com', '1980-10-29', '$2b$10$aMG1tJGuDyvYJQYi/J4CA.zwvfOXz0jIxSI2Oj6nLF1fHsqd2wasy', '2025-05-24 02:40:58', '2025-05-24 02:40:58'),
('6e397359-b5ee-4e48-a101-172e1890bac3', 'Cameron Upton', 'Joanie.Becker@gmail.com', '1975-07-22', '$2b$10$aMG1tJGuDyvYJQYi/J4CA.zwvfOXz0jIxSI2Oj6nLF1fHsqd2wasy', '2025-05-24 02:40:58', '2025-05-24 02:40:58'),
('f9ef02e3-59bb-44cf-87f5-d7bbd08b2e66', 'Elijah Rippin', 'Gordon25@yahoo.com', '1990-09-29', '$2b$10$aMG1tJGuDyvYJQYi/J4CA.zwvfOXz0jIxSI2Oj6nLF1fHsqd2wasy', '2025-05-24 02:40:58', '2025-05-24 02:40:58'),
('ac57bb19-0490-4b5a-b685-d4d28b1bd503', 'Katie Reichert', 'Dereck6@yahoo.com', '1968-03-02', '$2b$10$aMG1tJGuDyvYJQYi/J4CA.zwvfOXz0jIxSI2Oj6nLF1fHsqd2wasy', '2025-05-24 02:40:58', '2025-05-24 02:40:58'),
('3e044c5d-2007-4a4d-9f97-86f5d604ea17', 'Adam Runte', 'Wilfredo_Leannon@yahoo.com', '1992-01-11', '$2b$10$aMG1tJGuDyvYJQYi/J4CA.zwvfOXz0jIxSI2Oj6nLF1fHsqd2wasy', '2025-05-24 02:40:58', '2025-05-24 02:40:58'),
('45907a90-bbab-444e-bb55-20603058e4bb', 'Stephanie Reichel', 'Serena.Haley97@yahoo.com', '1991-04-08', '$2b$10$aMG1tJGuDyvYJQYi/J4CA.zwvfOXz0jIxSI2Oj6nLF1fHsqd2wasy', '2025-05-24 02:40:58', '2025-05-24 02:40:58'),
('d2d2c25b-bbd9-4779-b7b9-0ef46de4adc2', 'Anna Weissnat', 'Sonny_Keeling28@yahoo.com', '1966-05-23', '$2b$10$aMG1tJGuDyvYJQYi/J4CA.zwvfOXz0jIxSI2Oj6nLF1fHsqd2wasy', '2025-05-24 02:40:58', '2025-05-24 02:40:58'),
('96685aed-a98c-4b99-afe2-ab3bcc18e0f0', 'Justin Haley', 'Rosario30@gmail.com', '1994-03-21', '$2b$10$aMG1tJGuDyvYJQYi/J4CA.zwvfOXz0jIxSI2Oj6nLF1fHsqd2wasy', '2025-05-24 02:40:58', '2025-05-24 02:40:58'),
('a5c5ee16-d6e8-449c-8314-10084d4a98c3', 'Bernard Lebsack', 'Arnaldo.Turcotte@gmail.com', '1970-04-11', '$2b$10$aMG1tJGuDyvYJQYi/J4CA.zwvfOXz0jIxSI2Oj6nLF1fHsqd2wasy', '2025-05-24 02:40:58', '2025-05-24 02:40:58'),
('b651de14-c25f-4c71-8e17-e038d7b6988f', 'Miss Leah Turner', 'Seamus14@gmail.com', '1977-01-01', '$2b$10$aMG1tJGuDyvYJQYi/J4CA.zwvfOXz0jIxSI2Oj6nLF1fHsqd2wasy', '2025-05-24 02:40:58', '2025-05-24 02:40:58'),
('f26c4cef-b559-4f8f-a190-5237c5b54b71', 'Ira Price-Turcotte', 'Beatrice_Lubowitz69@yahoo.com', '1974-01-23', '$2b$10$aMG1tJGuDyvYJQYi/J4CA.zwvfOXz0jIxSI2Oj6nLF1fHsqd2wasy', '2025-05-24 02:40:58', '2025-05-24 02:40:58'),
('443dfcb5-e992-43b4-8393-b034a7796e1c', 'Miss Estelle Corwin', 'Elisha_Muller@hotmail.com', '1957-12-19', '$2b$10$aMG1tJGuDyvYJQYi/J4CA.zwvfOXz0jIxSI2Oj6nLF1fHsqd2wasy', '2025-05-24 02:40:58', '2025-05-24 02:40:58'),
('f17e951e-93c2-4851-afde-cb6d45f42808', 'Cristina Ondricka', 'Alva.Mayert97@yahoo.com', '1961-06-17', '$2b$10$aMG1tJGuDyvYJQYi/J4CA.zwvfOXz0jIxSI2Oj6nLF1fHsqd2wasy', '2025-05-24 02:40:58', '2025-05-24 02:40:58'),
('ebf81da2-d830-4dec-9f81-b0ddb9d8cd71', 'Hilda Swift', 'Samir.Collier@gmail.com', '1966-05-13', '$2b$10$aMG1tJGuDyvYJQYi/J4CA.zwvfOXz0jIxSI2Oj6nLF1fHsqd2wasy', '2025-05-24 02:40:58', '2025-05-24 02:40:58'),
('43bde1c4-be79-466c-b15f-4b74bc10ff07', 'Jackie Trantow', 'Laney52@yahoo.com', '1954-07-02', '$2b$10$aMG1tJGuDyvYJQYi/J4CA.zwvfOXz0jIxSI2Oj6nLF1fHsqd2wasy', '2025-05-24 02:40:58', '2025-05-24 02:40:58'),
('08eaae60-4c2c-4582-ad4a-1b1dc97d4b2e', 'Jeffery Fritsch', 'Linnie.Bednar@yahoo.com', '2002-01-17', '$2b$10$aMG1tJGuDyvYJQYi/J4CA.zwvfOXz0jIxSI2Oj6nLF1fHsqd2wasy', '2025-05-24 02:40:58', '2025-05-24 02:40:58'),
('3161dfc6-32ac-4819-9481-79c95bf0b2a5', 'Dr. Ashley Schumm', 'Toni_Hyatt@hotmail.com', '1971-07-05', '$2b$10$aMG1tJGuDyvYJQYi/J4CA.zwvfOXz0jIxSI2Oj6nLF1fHsqd2wasy', '2025-05-24 02:40:58', '2025-05-24 02:40:58'),
('f1f7733a-0b51-40c9-a360-0b6b56690b73', 'Lucy Mertz', 'Ila.Kuhic42@gmail.com', '1973-12-21', '$2b$10$aMG1tJGuDyvYJQYi/J4CA.zwvfOXz0jIxSI2Oj6nLF1fHsqd2wasy', '2025-05-24 02:40:58', '2025-05-24 02:40:58'),
('0354d910-9294-4d8f-8119-e3e2b60eb771', 'Ivan Kilback', 'Erich.Friesen48@gmail.com', '1995-12-31', '$2b$10$aMG1tJGuDyvYJQYi/J4CA.zwvfOXz0jIxSI2Oj6nLF1fHsqd2wasy', '2025-05-24 02:40:58', '2025-05-24 02:40:58'),
('32255567-4410-4cbc-bb7d-6fde6f3daa5b', 'Carole Stroman V', 'Chadrick.Bode24@gmail.com', '1989-07-25', '$2b$10$aMG1tJGuDyvYJQYi/J4CA.zwvfOXz0jIxSI2Oj6nLF1fHsqd2wasy', '2025-05-24 02:40:58', '2025-05-24 02:40:58'),
('2f82311a-8794-4f8e-b7c1-962731e569ad', 'Andrea Sipes', 'Lane78@gmail.com', '1957-01-17', '$2b$10$aMG1tJGuDyvYJQYi/J4CA.zwvfOXz0jIxSI2Oj6nLF1fHsqd2wasy', '2025-05-24 02:40:58', '2025-05-24 02:40:58'),
('ca439562-4e0d-432f-8327-ea717c4f9e2e', 'Doyle Kautzer', 'Beaulah_Monahan45@yahoo.com', '1954-03-08', '$2b$10$aMG1tJGuDyvYJQYi/J4CA.zwvfOXz0jIxSI2Oj6nLF1fHsqd2wasy', '2025-05-24 02:40:58', '2025-05-24 02:40:58'),
('f752bb3b-60ca-4eee-b841-d979858a2ed2', 'Jeff Carroll-Bernier', 'Erin_Crona29@hotmail.com', '2000-04-24', '$2b$10$aMG1tJGuDyvYJQYi/J4CA.zwvfOXz0jIxSI2Oj6nLF1fHsqd2wasy', '2025-05-24 02:40:58', '2025-05-24 02:40:58'),
('5257fc22-317f-413d-ae37-08aa6d70ea99', 'Sherri Lebsack III', 'Mariam.Johnson@yahoo.com', '1992-11-04', '$2b$10$aMG1tJGuDyvYJQYi/J4CA.zwvfOXz0jIxSI2Oj6nLF1fHsqd2wasy', '2025-05-24 02:40:58', '2025-05-24 02:40:58'),
('041cfb5e-d57f-40ee-ac5b-09a4b8038e1e', 'Clay Sauer', 'Felicia_Trantow95@gmail.com', '1957-10-07', '$2b$10$aMG1tJGuDyvYJQYi/J4CA.zwvfOXz0jIxSI2Oj6nLF1fHsqd2wasy', '2025-05-24 02:40:58', '2025-05-24 02:40:58'),
('e5a6e5b2-07aa-4a7b-915b-653cc8f6573f', 'Jennie Adams', 'Janae_Weber@gmail.com', '1956-10-31', '$2b$10$aMG1tJGuDyvYJQYi/J4CA.zwvfOXz0jIxSI2Oj6nLF1fHsqd2wasy', '2025-05-24 02:40:58', '2025-05-24 02:40:58'),
('408f8b85-349f-48dc-ae73-67a9f3f03c1e', 'Janet VonRueden', 'Brice_Littel@hotmail.com', '1970-01-06', '$2b$10$aMG1tJGuDyvYJQYi/J4CA.zwvfOXz0jIxSI2Oj6nLF1fHsqd2wasy', '2025-05-24 02:40:58', '2025-05-24 02:40:58'),
('06e454a0-ab8b-4f6e-9583-4b4f24c13e6f', 'Taylor Kling-Schmeler', 'Howard.Ernser@yahoo.com', '2000-01-17', '$2b$10$aMG1tJGuDyvYJQYi/J4CA.zwvfOXz0jIxSI2Oj6nLF1fHsqd2wasy', '2025-05-24 02:40:58', '2025-05-24 02:40:58'),
('970c2943-8c84-4490-b105-20c242e00ae1', 'Alberto Veum', 'Kirsten_Grant-Schulist1@yahoo.com', '1956-12-02', '$2b$10$aMG1tJGuDyvYJQYi/J4CA.zwvfOXz0jIxSI2Oj6nLF1fHsqd2wasy', '2025-05-24 02:40:58', '2025-05-24 02:40:58'),
('37d97675-5a62-4dc3-8cf4-d193b0d03e2b', 'Evan Lindgren', 'Alford_Beahan@hotmail.com', '1991-11-12', '$2b$10$aMG1tJGuDyvYJQYi/J4CA.zwvfOXz0jIxSI2Oj6nLF1fHsqd2wasy', '2025-05-24 02:40:58', '2025-05-24 02:40:58'),
('a31eea43-a97b-4588-9bea-b83deb8a0888', 'Jenna McDermott', 'Carolina75@hotmail.com', '1986-11-28', '$2b$10$aMG1tJGuDyvYJQYi/J4CA.zwvfOXz0jIxSI2Oj6nLF1fHsqd2wasy', '2025-05-24 02:40:58', '2025-05-24 02:40:58'),
('af9a081b-f569-4a1c-953a-6d68519aa024', 'Kristen Auer', 'Matilde_Rowe12@yahoo.com', '1986-06-25', '$2b$10$aMG1tJGuDyvYJQYi/J4CA.zwvfOXz0jIxSI2Oj6nLF1fHsqd2wasy', '2025-05-24 02:40:58', '2025-05-24 02:40:58'),
('2cb4d3c8-31d9-441c-91d4-10885bc0e956', 'Clayton Marvin', 'Nedra81@gmail.com', '1994-11-26', '$2b$10$aMG1tJGuDyvYJQYi/J4CA.zwvfOXz0jIxSI2Oj6nLF1fHsqd2wasy', '2025-05-24 02:40:58', '2025-05-24 02:40:58'),
('4b74f5d7-69c7-4baa-b80d-8603d7ce1245', 'Dr. Ian Turcotte', 'Alda_Jerde@gmail.com', '1981-10-05', '$2b$10$aMG1tJGuDyvYJQYi/J4CA.zwvfOXz0jIxSI2Oj6nLF1fHsqd2wasy', '2025-05-24 02:40:58', '2025-05-24 02:40:58'),
('3f7a78a2-be63-4521-bb20-610fd96a3bc9', 'Lucy Tillman Sr.', 'Aisha.Yost@gmail.com', '1979-08-05', '$2b$10$aMG1tJGuDyvYJQYi/J4CA.zwvfOXz0jIxSI2Oj6nLF1fHsqd2wasy', '2025-05-24 02:40:58', '2025-05-24 02:40:58'),
('fa0ff4bc-8b03-4241-b456-01a745a21db4', 'Grady Kovacek', 'Layla_Corkery@gmail.com', '1979-11-20', '$2b$10$aMG1tJGuDyvYJQYi/J4CA.zwvfOXz0jIxSI2Oj6nLF1fHsqd2wasy', '2025-05-24 02:40:58', '2025-05-24 02:40:58'),
('cf310ca6-6bca-445b-8222-e605016b3a74', 'Patsy Ryan', 'Ken62@gmail.com', '2000-11-24', '$2b$10$aMG1tJGuDyvYJQYi/J4CA.zwvfOXz0jIxSI2Oj6nLF1fHsqd2wasy', '2025-05-24 02:40:58', '2025-05-24 02:40:58'),
('84ba45bd-a1b8-4e0e-8dd9-40f255aa4216', 'Miss Glenda Crooks', 'Reggie.Hilll81@yahoo.com', '1960-01-03', '$2b$10$aMG1tJGuDyvYJQYi/J4CA.zwvfOXz0jIxSI2Oj6nLF1fHsqd2wasy', '2025-05-24 02:40:58', '2025-05-24 02:40:58'),
('fa224a3c-4e32-423a-b76f-aaceddce90cd', 'Byron Zemlak-Swaniawski', 'Mikayla_Heaney39@gmail.com', '1962-01-30', '$2b$10$aMG1tJGuDyvYJQYi/J4CA.zwvfOXz0jIxSI2Oj6nLF1fHsqd2wasy', '2025-05-24 02:40:58', '2025-05-24 02:40:58'),
('a74d1a9f-f96a-40e5-bf74-cf2fad9dc92f', 'Clay Zboncak', 'Fanny_Dach33@hotmail.com', '1977-03-23', '$2b$10$aMG1tJGuDyvYJQYi/J4CA.zwvfOXz0jIxSI2Oj6nLF1fHsqd2wasy', '2025-05-24 02:40:58', '2025-05-24 02:40:58'),
('2f3bfbbd-bd04-40ff-8942-a520e581b8d5', 'Whitney Johnston', 'Halle_Kuphal-Blanda81@hotmail.com', '1971-09-30', '$2b$10$aMG1tJGuDyvYJQYi/J4CA.zwvfOXz0jIxSI2Oj6nLF1fHsqd2wasy', '2025-05-24 02:40:58', '2025-05-24 02:40:58'),
('80def54d-6de9-485e-b396-89d49939cd00', 'Dixie Bins DVM', 'Marcelle_Abshire@gmail.com', '1968-07-20', '$2b$10$aMG1tJGuDyvYJQYi/J4CA.zwvfOXz0jIxSI2Oj6nLF1fHsqd2wasy', '2025-05-24 02:40:58', '2025-05-24 02:40:58'),
('257e4c5c-7152-4b35-829c-d26a771cd9b6', 'Gertrude Kunde', 'Dovie.Lehner74@gmail.com', '1957-12-31', '$2b$10$aMG1tJGuDyvYJQYi/J4CA.zwvfOXz0jIxSI2Oj6nLF1fHsqd2wasy', '2025-05-24 02:40:58', '2025-05-24 02:40:58'),
('b4ab35c6-22d5-40e5-8547-95c9f2b73a9f', 'Jeannette Towne', 'Ambrose_Tromp@gmail.com', '1960-04-22', '$2b$10$aMG1tJGuDyvYJQYi/J4CA.zwvfOXz0jIxSI2Oj6nLF1fHsqd2wasy', '2025-05-24 02:40:58', '2025-05-24 02:40:58'),
('c1070204-ad90-4c6c-a786-9abbc7151b34', 'Cheryl White', 'Jewel24@gmail.com', '1954-02-19', '$2b$10$aMG1tJGuDyvYJQYi/J4CA.zwvfOXz0jIxSI2Oj6nLF1fHsqd2wasy', '2025-05-24 02:40:58', '2025-05-24 02:40:58'),
('99c2175f-edc9-4124-9266-3132e1510eb9', 'Eleanor Mraz DVM', 'Marianna.Waelchi@yahoo.com', '2003-05-09', '$2b$10$aMG1tJGuDyvYJQYi/J4CA.zwvfOXz0jIxSI2Oj6nLF1fHsqd2wasy', '2025-05-24 02:40:58', '2025-05-24 02:40:58'),
('c1bc73c4-9b53-4deb-93ef-701a0d459249', 'Erin Dare', 'Rosina_Hyatt62@gmail.com', '1991-07-01', '$2b$10$aMG1tJGuDyvYJQYi/J4CA.zwvfOXz0jIxSI2Oj6nLF1fHsqd2wasy', '2025-05-24 02:40:58', '2025-05-24 02:40:58'),
('eaead930-a83c-4cda-adad-98ab65eaab36', 'Lynda Green', 'Romaine.Toy52@yahoo.com', '2002-12-27', '$2b$10$aMG1tJGuDyvYJQYi/J4CA.zwvfOXz0jIxSI2Oj6nLF1fHsqd2wasy', '2025-05-24 02:40:58', '2025-05-24 02:40:58'),
('436d5fbe-1ced-4091-8184-e0385e8f8cb5', 'Theresa Miller', 'Mauricio_Wiza83@hotmail.com', '1969-09-22', '$2b$10$aMG1tJGuDyvYJQYi/J4CA.zwvfOXz0jIxSI2Oj6nLF1fHsqd2wasy', '2025-05-24 02:40:58', '2025-05-24 02:40:58');
INSERT INTO user_address (id, user_id, street, city) VALUES
(1, '61f51a23-4ba8-46c8-80fd-96e9d50b0f9f', '39927 Jan Garden', 'Christelleside'),
(2, '523cc5e0-a6b8-4456-aa6c-23ea1d831b0f', '400 Tillman Isle', 'Port Brice'),
(3, '1eb6a2ab-bace-458b-87d8-b33eb472f61e', '20737 Eugenia Walk', 'St. Paul'),
(4, '048ed5d8-c56a-4afe-b255-5ee015544f30', '66707 Romaguera Walk', 'Stefanieboro'),
(5, '35125403-ea04-43a0-808f-89d0acf80e22', '3792 Hettinger Shoals', 'Fort Dudleystad'),
(6, '30edef40-6b1f-485b-9a9c-01677aa5690c', '855 W 1st Street', 'Fort Abdullahland'),
(7, '79756709-1793-4484-9bbf-6cf818bc1612', '868 S Pine Street', 'Marioport'),
(8, '9ea405a3-5533-4da9-aab4-c68cf192919e', '437 Howell Run', 'Loraberg'),
(9, '5ff0be16-5a12-4aeb-a2f1-8277aaa8b3dc', '6265 The Coppice', 'Alekmouth'),
(10, '9b39c423-ea0b-4724-b9b6-1145484d266c', '14495 Devonshire Road', 'Leannonboro'),
(11, '8bac7181-3c4e-4ce4-a0cb-a2de2cfa8bc4', '1779 O''Connell Meadows', 'Port Filomena'),
(12, '51b0958f-7a2a-438c-8589-b5f1e9963e2f', '1293 N Elm Street', 'East Constantin'),
(13, 'c6dde2d0-53c6-4d9b-82b5-ec793a27c4f1', '373 Castle Street', 'Waelchifort'),
(14, '3114c3d0-bdd9-4ab5-b510-667451b5849a', '89757 Fairfield Road', 'Osinskistad'),
(15, 'a0767678-3cd8-479f-9c6b-0b37977ef404', '3714 The Paddocks', 'O''Haratown'),
(16, 'd5766bf9-0b42-4596-982e-6eaa63bd9dcd', '61089 Poplar Close', 'Michealburgh'),
(17, 'a37335c8-fbb6-49b4-b4ad-306681de8c12', '330 Third Avenue', 'Port Nora'),
(18, '59beef08-4627-40eb-9d25-6582177155f8', '306 Von Fields', 'Kentonworth'),
(19, '9f2f30db-a1a9-4752-b26f-f6945133161b', '7179 East Avenue', 'Nolanfield'),
(20, 'ec32951a-7618-472f-86bd-b3e302fbd0e8', '65923 Wiza Mount', 'Medford'),
(21, '2b0cad73-5ea2-40fb-a55f-718ebceb8f7d', '27249 Cory Springs', 'Noemiemouth'),
(22, 'ed38b6ee-2c19-41db-ad69-712d0902cf5e', '564 Valentina Viaduct', 'Adamsport'),
(23, 'd073b770-92f1-41c1-933e-9e8d1399c534', '33599 Funk Road', 'Lake Marquiseshire'),
(24, 'e5d45700-04d1-4dcc-9980-6fe133c5ea45', '958 Felicity Walk', 'Port Joey'),
(25, 'd400b445-b47b-47a1-82b8-e711d211e36d', '79484 Franklin Street', 'Fort Paige'),
(26, 'e95e3d60-0326-4846-95d3-23362af6776a', '7728 Leonard Falls', 'New Doloresworth'),
(27, '17ed631d-c959-4af2-9fef-26cd29ed540e', '1484 Willow Grove', 'Gulgowskistad'),
(28, 'f3267953-240d-41d8-9c63-1bbf61847026', '7623 Waterloo Road', 'South Walter'),
(29, '8481a314-680d-4445-8f8f-5b068caa296d', '5008 Era Hill', 'Grovershire'),
(30, '9ef341ec-55a8-4282-9fc3-d27c511ddcdf', '416 Nitzsche Lakes', 'East Ariellemouth'),
(31, '25f8f05b-de86-4324-9b1d-9e35ee67f587', '1209 Kemmer Groves', 'Blaine'),
(32, '40fd9bee-b2d2-49a1-b4cb-b768fc9d83b8', '6180 S Main Avenue', 'Waterbury'),
(33, '6ade14d9-e285-447d-affd-1853b1f2bbee', '205 Princess Street', 'Greensboro'),
(34, '983a3a34-ec75-4ae9-8927-4bb7c8da0102', '2042 Valentine Parkway', 'Bodefurt'),
(35, '8d7d8905-7be3-4906-aed1-5880909561c7', '58883 Haylie Terrace', 'Pfefferland'),
(36, '0ef1a94c-2e80-4ec3-be83-120554e64472', '7918 Jubilee Close', 'Joanniefort'),
(37, '00cfcb75-65c8-4254-9386-4f788a9b0efb', '32643 Murphy Bypass', 'Fort Chadrickshire'),
(38, '08f9af27-8f63-48cc-a955-30f82d37797f', '3458 Amelia Park', 'Spokane'),
(39, '947f4521-cbb0-453b-aa4d-f872446994f2', '7387 Lodge Close', 'Pouroscester'),
(40, '6ad4225a-0b20-4da5-9932-e65ceef19e05', '2313 Swaniawski Squares', 'Flagstaff'),
(41, 'ffc6874a-8322-4a72-9e0b-598fa005f049', '585 Bella Extensions', 'Halvorsonville'),
(42, '75fb09c1-009c-4ba5-959d-e56af0bfb437', '7607 S Pine Street', 'Port Jerodfurt'),
(43, '5371aa59-8f00-4d28-aaf6-7f33175a8066', '614 Park Crescent', 'Fresno'),
(44, '68fd7ac6-0b4f-4bb1-9fc3-d1173a8eaeff', '4715 Christelle Center', 'West Seneca'),
(45, '85705895-2950-4cff-a866-58bae83474b7', '503 Wisozk Union', 'North Dudleyberg'),
(46, '61a6674b-7e82-420d-9180-7e50522ec46d', '1076 The Chase', 'Bruenborough'),
(47, 'c3bfa397-ca58-44ec-8dc9-184ebe4e8078', '282 Nader Run', 'East Carlee'),
(48, '6530c633-8724-4756-b468-fb546b2ad9e0', '28455 Springfield Close', 'West Elizabethstad'),
(49, '410a3bd3-d464-45bc-8945-446cf748b9c1', '4524 Diamond Cape', 'Lucyshire'),
(50, 'f44ff430-75a4-4066-8398-7466ab0c38d6', '3076 Bednar Parkways', 'Grapevine'),
(51, 'e5727d1f-d55a-42e2-9a92-3c98b4e3b85c', '2995 Manchester Road', 'South Jazmyneborough'),
(52, '61433667-e382-41e9-8da9-a88265d84da4', '6542 Maple Drive', 'Felixfield'),
(53, '6e397359-b5ee-4e48-a101-172e1890bac3', '811 Raul Flats', 'Ricestad'),
(54, 'f9ef02e3-59bb-44cf-87f5-d7bbd08b2e66', '3041 Cavendish Road', 'Antelope'),
(55, 'ac57bb19-0490-4b5a-b685-d4d28b1bd503', '22405 Reva Meadows', 'South Reynold'),
(56, '3e044c5d-2007-4a4d-9f97-86f5d604ea17', '9686 Parker Haven', 'New Gabrielle'),
(57, '45907a90-bbab-444e-bb55-20603058e4bb', '205 Center Street', 'Lake Marlen'),
(58, 'd2d2c25b-bbd9-4779-b7b9-0ef46de4adc2', '3433 S Washington Street', 'Tamarac'),
(59, '96685aed-a98c-4b99-afe2-ab3bcc18e0f0', '5814 Bedford Road', 'Fort Justonview'),
(60, 'a5c5ee16-d6e8-449c-8314-10084d4a98c3', '12211 Conn Fort', 'Duluth'),
(61, 'b651de14-c25f-4c71-8e17-e038d7b6988f', '598 Trenton Path', 'North Alexanestead'),
(62, 'f26c4cef-b559-4f8f-a190-5237c5b54b71', '16785 Gerhold Streets', 'Fort Omabury'),
(63, '443dfcb5-e992-43b4-8393-b034a7796e1c', '653 Casper Glens', 'East Vance'),
(64, 'f17e951e-93c2-4851-afde-cb6d45f42808', '95564 W Jefferson Street', 'Warrenport'),
(65, 'ebf81da2-d830-4dec-9f81-b0ddb9d8cd71', '95219 Main Avenue', 'Fort Adraintown'),
(66, '43bde1c4-be79-466c-b15f-4b74bc10ff07', '505 Howell Motorway', 'Erinstad'),
(67, '08eaae60-4c2c-4582-ad4a-1b1dc97d4b2e', '3619 Percival Lake', 'Coopershire'),
(68, '3161dfc6-32ac-4819-9481-79c95bf0b2a5', '494 Albion Street', 'Murray'),
(69, 'f1f7733a-0b51-40c9-a360-0b6b56690b73', '903 Lizeth Vista', 'Beahanhaven'),
(70, '0354d910-9294-4d8f-8119-e3e2b60eb771', '25494 Farm Close', 'Modestaland'),
(71, '32255567-4410-4cbc-bb7d-6fde6f3daa5b', '72311 Efren Crossroad', 'Robelside'),
(72, '2f82311a-8794-4f8e-b7c1-962731e569ad', '69367 Constance Courts', 'South Olachester'),
(73, 'ca439562-4e0d-432f-8327-ea717c4f9e2e', '49745 Huel Views', 'Keelingchester'),
(74, 'f752bb3b-60ca-4eee-b841-d979858a2ed2', '95612 Heaney Canyon', 'Kuphalmouth'),
(75, '5257fc22-317f-413d-ae37-08aa6d70ea99', '97777 George Street', 'North Nona'),
(76, '041cfb5e-d57f-40ee-ac5b-09a4b8038e1e', '321 Ruthie Corners', 'Johns Creek'),
(77, 'e5a6e5b2-07aa-4a7b-915b-653cc8f6573f', '42239 Railroad Street', 'Eastonstead'),
(78, '408f8b85-349f-48dc-ae73-67a9f3f03c1e', '322 Lourdes Villages', 'East Montanaton'),
(79, '06e454a0-ab8b-4f6e-9583-4b4f24c13e6f', '4645 Barrett Shore', 'Anissastead'),
(80, '970c2943-8c84-4490-b105-20c242e00ae1', '34620 W Pine Street', 'Florineburgh'),
(81, '37d97675-5a62-4dc3-8cf4-d193b0d03e2b', '581 Theodore Mews', 'Christianchester'),
(82, 'a31eea43-a97b-4588-9bea-b83deb8a0888', '22848 Highland Avenue', 'Grapevine'),
(83, 'af9a081b-f569-4a1c-953a-6d68519aa024', '45963 Woodland Road', 'Stehrtown'),
(84, '2cb4d3c8-31d9-441c-91d4-10885bc0e956', '6877 High Road', 'Beahanworth'),
(85, '4b74f5d7-69c7-4baa-b80d-8603d7ce1245', '52520 Trenton River', 'South Granville'),
(86, '3f7a78a2-be63-4521-bb20-610fd96a3bc9', '7824 St George''s Road', 'New Blaiseview'),
(87, 'fa0ff4bc-8b03-4241-b456-01a745a21db4', '2715 Reinger Ports', 'Hoboken'),
(88, 'cf310ca6-6bca-445b-8222-e605016b3a74', '6170 Kiehn Ville', 'East Kenyaville'),
(89, '84ba45bd-a1b8-4e0e-8dd9-40f255aa4216', '917 Angel Shoals', 'Manchester'),
(90, 'fa224a3c-4e32-423a-b76f-aaceddce90cd', '57541 Harrison Street', 'Lake Felipe'),
(91, 'a74d1a9f-f96a-40e5-bf74-cf2fad9dc92f', '35845 Pennsylvania Avenue', 'Schowaltertown'),
(92, '2f3bfbbd-bd04-40ff-8942-a520e581b8d5', '46254 E 1st Street', 'Fort Brooktown'),
(93, '80def54d-6de9-485e-b396-89d49939cd00', '32104 Dallas Ports', 'Adolfoport'),
(94, '257e4c5c-7152-4b35-829c-d26a771cd9b6', '86259 Lime Grove', 'Fort Vivien'),
(95, 'b4ab35c6-22d5-40e5-8547-95c9f2b73a9f', '6785 Victoria Road', 'South Alessiashire'),
(96, 'c1070204-ad90-4c6c-a786-9abbc7151b34', '76265 Foster Brooks', 'Bogisichside'),
(97, '99c2175f-edc9-4124-9266-3132e1510eb9', '638 Deion Fields', 'Brendashire'),
(98, 'c1bc73c4-9b53-4deb-93ef-701a0d459249', '532 N 9th Street', 'Broken Arrow'),
(99, 'eaead930-a83c-4cda-adad-98ab65eaab36', '7552 Highfield Close', 'Chazview'),
(100, '436d5fbe-1ced-4091-8184-e0385e8f8cb5', '11516 N Washington Street', 'Maricopa');
INSERT INTO user_profile (id, user_id, photo) VALUES
(1, '61f51a23-4ba8-46c8-80fd-96e9d50b0f9f', 'zowie.buffer'),
(2, '523cc5e0-a6b8-4456-aa6c-23ea1d831b0f', 'regularly_statue.xsd'),
(3, '1eb6a2ab-bace-458b-87d8-b33eb472f61e', 'hypothesise.docx'),
(4, '048ed5d8-c56a-4afe-b255-5ee015544f30', 'how_yearningly.mpg4'),
(5, '35125403-ea04-43a0-808f-89d0acf80e22', 'warm.docx'),
(6, '30edef40-6b1f-485b-9a9c-01677aa5690c', 'which.vss'),
(7, '79756709-1793-4484-9bbf-6cf818bc1612', 'challenge_besides_store.otf'),
(8, '9ea405a3-5533-4da9-aab4-c68cf192919e', 'for.map'),
(9, '5ff0be16-5a12-4aeb-a2f1-8277aaa8b3dc', 'tremendously_rapidly_wing.webp'),
(10, '9b39c423-ea0b-4724-b9b6-1145484d266c', 'apud_replicate_beneath.mpe'),
(11, '8bac7181-3c4e-4ce4-a0cb-a2de2cfa8bc4', 'jovially_regarding.csh'),
(12, '51b0958f-7a2a-438c-8589-b5f1e9963e2f', 'of.dump'),
(13, 'c6dde2d0-53c6-4d9b-82b5-ec793a27c4f1', 'writ_but.svg'),
(14, '3114c3d0-bdd9-4ab5-b510-667451b5849a', 'when_shark_noisily.distz'),
(15, 'a0767678-3cd8-479f-9c6b-0b37977ef404', 'superior_far.vst'),
(16, 'd5766bf9-0b42-4596-982e-6eaa63bd9dcd', 'about_uh_huh.ogg'),
(17, 'a37335c8-fbb6-49b4-b4ad-306681de8c12', 'wrongly_strong_questionably.dist'),
(18, '59beef08-4627-40eb-9d25-6582177155f8', 'merge.woff2'),
(19, '9f2f30db-a1a9-4752-b26f-f6945133161b', 'reboot_utterly.xlt'),
(20, 'ec32951a-7618-472f-86bd-b3e302fbd0e8', 'nasalise_cleave_fair.tiff'),
(21, '2b0cad73-5ea2-40fb-a55f-718ebceb8f7d', 'terraform_psst_plus.wav'),
(22, 'ed38b6ee-2c19-41db-ad69-712d0902cf5e', 'fax_though_smoggy.deb'),
(23, 'd073b770-92f1-41c1-933e-9e8d1399c534', 'ceramics.html'),
(24, 'e5d45700-04d1-4dcc-9980-6fe133c5ea45', 'gestate_consequently_lowball.xul'),
(25, 'd400b445-b47b-47a1-82b8-e711d211e36d', 'cruel.png'),
(26, 'e95e3d60-0326-4846-95d3-23362af6776a', 'colorize_merry_fooey.ogg'),
(27, '17ed631d-c959-4af2-9fef-26cd29ed540e', 'with_necessary_toward.ppt'),
(28, 'f3267953-240d-41d8-9c63-1bbf61847026', 'overreact_under_wicked.mpkg'),
(29, '8481a314-680d-4445-8f8f-5b068caa296d', 'orchestrate_solution.m3a'),
(30, '9ef341ec-55a8-4282-9fc3-d27c511ddcdf', 'aggressive_entrench_blah.mpe'),
(31, '25f8f05b-de86-4324-9b1d-9e35ee67f587', 'since.xml'),
(32, '40fd9bee-b2d2-49a1-b4cb-b768fc9d83b8', 'unselfish_considering.dms'),
(33, '6ade14d9-e285-447d-affd-1853b1f2bbee', 'sans.dot'),
(34, '983a3a34-ec75-4ae9-8927-4bb7c8da0102', 'pro_troubled_why.3g2'),
(35, '8d7d8905-7be3-4906-aed1-5880909561c7', 'wilt_shameful.deploy'),
(36, '0ef1a94c-2e80-4ec3-be83-120554e64472', 'as.wav'),
(37, '00cfcb75-65c8-4254-9386-4f788a9b0efb', 'ramp.ogv'),
(38, '08f9af27-8f63-48cc-a955-30f82d37797f', 'never_beautifully_medium.msi'),
(39, '947f4521-cbb0-453b-aa4d-f872446994f2', 'volunteer_upright_gah.xls'),
(40, '6ad4225a-0b20-4da5-9932-e65ceef19e05', 'generously_treble_terrible.odt'),
(41, 'ffc6874a-8322-4a72-9e0b-598fa005f049', 'as.rmi'),
(42, '75fb09c1-009c-4ba5-959d-e56af0bfb437', 'solemnly_yet.ini'),
(43, '5371aa59-8f00-4d28-aaf6-7f33175a8066', 'closely_smoothly_besides.woff2'),
(44, '68fd7ac6-0b4f-4bb1-9fc3-d1173a8eaeff', 'overconfidently_yowza.list'),
(45, '85705895-2950-4cff-a866-58bae83474b7', 'debut_new.pdf'),
(46, '61a6674b-7e82-420d-9180-7e50522ec46d', 'kindheartedly.bz'),
(47, 'c3bfa397-ca58-44ec-8dc9-184ebe4e8078', 'inasmuch_unless.7z'),
(48, '6530c633-8724-4756-b468-fb546b2ad9e0', 'spanish_lucky.svgz'),
(49, '410a3bd3-d464-45bc-8945-446cf748b9c1', 'suspiciously_for_foolishly.avi'),
(50, 'f44ff430-75a4-4066-8398-7466ab0c38d6', 'where.ogg'),
(51, 'e5727d1f-d55a-42e2-9a92-3c98b4e3b85c', 'right_about.css'),
(52, '61433667-e382-41e9-8da9-a88265d84da4', 'ferociously_within.bpk'),
(53, '6e397359-b5ee-4e48-a101-172e1890bac3', 'off_beside_extra_large.woff'),
(54, 'f9ef02e3-59bb-44cf-87f5-d7bbd08b2e66', 'sprinkles.jpg'),
(55, 'ac57bb19-0490-4b5a-b685-d4d28b1bd503', 'crackle.dist'),
(56, '3e044c5d-2007-4a4d-9f97-86f5d604ea17', 'psst.mp2a'),
(57, '45907a90-bbab-444e-bb55-20603058e4bb', 'descent_swath_black.epub'),
(58, 'd2d2c25b-bbd9-4779-b7b9-0ef46de4adc2', 'tight.deb'),
(59, '96685aed-a98c-4b99-afe2-ab3bcc18e0f0', 'since_before.exe'),
(60, 'a5c5ee16-d6e8-449c-8314-10084d4a98c3', 'despite_save_suddenly.opus'),
(61, 'b651de14-c25f-4c71-8e17-e038d7b6988f', 'acceptable.xsd'),
(62, 'f26c4cef-b559-4f8f-a190-5237c5b54b71', 'since.m2v'),
(63, '443dfcb5-e992-43b4-8393-b034a7796e1c', 'uh_huh_gah_incomparable.spx'),
(64, 'f17e951e-93c2-4851-afde-cb6d45f42808', 'safely_even.mid'),
(65, 'ebf81da2-d830-4dec-9f81-b0ddb9d8cd71', 'knowledgeable_calmly.webp'),
(66, '43bde1c4-be79-466c-b15f-4b74bc10ff07', 'bashfully_thongs_mostly.ear'),
(67, '08eaae60-4c2c-4582-ad4a-1b1dc97d4b2e', 'uniform_oddball.mp4'),
(68, '3161dfc6-32ac-4819-9481-79c95bf0b2a5', 'repeat_rarely.html'),
(69, 'f1f7733a-0b51-40c9-a360-0b6b56690b73', 'regarding_that_inasmuch.iso'),
(70, '0354d910-9294-4d8f-8119-e3e2b60eb771', 'ah_hm_beside.txt'),
(71, '32255567-4410-4cbc-bb7d-6fde6f3daa5b', 'regular_innocently_scamper.abw'),
(72, '2f82311a-8794-4f8e-b7c1-962731e569ad', 'plus_lest_across.png'),
(73, 'ca439562-4e0d-432f-8327-ea717c4f9e2e', 'phew.xla'),
(74, 'f752bb3b-60ca-4eee-b841-d979858a2ed2', 'yellow_midst.xlw'),
(75, '5257fc22-317f-413d-ae37-08aa6d70ea99', 'assured_incidentally.js'),
(76, '041cfb5e-d57f-40ee-ac5b-09a4b8038e1e', 'kindly_up.aac'),
(77, 'e5a6e5b2-07aa-4a7b-915b-653cc8f6573f', 'how_ideal_tackle.gif'),
(78, '408f8b85-349f-48dc-ae73-67a9f3f03c1e', 'guest_oh.text'),
(79, '06e454a0-ab8b-4f6e-9583-4b4f24c13e6f', 'onto.mp4v'),
(80, '970c2943-8c84-4490-b105-20c242e00ae1', 'supportive.webm'),
(81, '37d97675-5a62-4dc3-8cf4-d193b0d03e2b', 'nor_than.mpg4'),
(82, 'a31eea43-a97b-4588-9bea-b83deb8a0888', 'although_though_regarding.mp2a'),
(83, 'af9a081b-f569-4a1c-953a-6d68519aa024', 'preclude_unabashedly_miserably.midi'),
(84, '2cb4d3c8-31d9-441c-91d4-10885bc0e956', 'concerning_delightfully.odt'),
(85, '4b74f5d7-69c7-4baa-b80d-8603d7ce1245', 'boo.7z'),
(86, '3f7a78a2-be63-4521-bb20-610fd96a3bc9', 'delightfully_annual_unaccountably.ts'),
(87, 'fa0ff4bc-8b03-4241-b456-01a745a21db4', 'after_ingratiate_masquerade.pps'),
(88, 'cf310ca6-6bca-445b-8222-e605016b3a74', 'plait_healthily.xhtml'),
(89, '84ba45bd-a1b8-4e0e-8dd9-40f255aa4216', 'abaft_waterlogged.ogg'),
(90, 'fa224a3c-4e32-423a-b76f-aaceddce90cd', 'numeracy_hm.img'),
(91, 'a74d1a9f-f96a-40e5-bf74-cf2fad9dc92f', 'remark.aac'),
(92, '2f3bfbbd-bd04-40ff-8942-a520e581b8d5', 'lady_zebra_midwife.azw'),
(93, '80def54d-6de9-485e-b396-89d49939cd00', 'oof_lest.mp2a'),
(94, '257e4c5c-7152-4b35-829c-d26a771cd9b6', 'mantua_reschedule.jpeg'),
(95, 'b4ab35c6-22d5-40e5-8547-95c9f2b73a9f', 'excitable_dimly_talkative.txt'),
(96, 'c1070204-ad90-4c6c-a786-9abbc7151b34', 'at_comb.mpkg'),
(97, '99c2175f-edc9-4124-9266-3132e1510eb9', 'silently_snack.azw'),
(98, 'c1bc73c4-9b53-4deb-93ef-701a0d459249', 'dismal_form.ppt'),
(99, 'eaead930-a83c-4cda-adad-98ab65eaab36', 'cop_out.doc'),
(100, '436d5fbe-1ced-4091-8184-e0385e8f8cb5', 'conservation_window_moisten.bpk');
INSERT INTO role (id, name) VALUES
(1, 'admin'),
(2, 'manager'),
(3, 'support'),
(4, 'fulfillment'),
(5, 'product_manager'),
(6, 'marketing'),
(7, 'content_editor'),
(8, 'developer'),
(9, 'analyst'),
(10, 'customer'),
(11, 'guest'),
(12, 'subscriber');
INSERT INTO user_role (user_id, role_id) VALUES
('61f51a23-4ba8-46c8-80fd-96e9d50b0f9f', 6),
('523cc5e0-a6b8-4456-aa6c-23ea1d831b0f', 8),
('1eb6a2ab-bace-458b-87d8-b33eb472f61e', 6),
('048ed5d8-c56a-4afe-b255-5ee015544f30', 9),
('35125403-ea04-43a0-808f-89d0acf80e22', 10),
('30edef40-6b1f-485b-9a9c-01677aa5690c', 1),
('79756709-1793-4484-9bbf-6cf818bc1612', 5),
('9ea405a3-5533-4da9-aab4-c68cf192919e', 8),
('5ff0be16-5a12-4aeb-a2f1-8277aaa8b3dc', 4),
('9b39c423-ea0b-4724-b9b6-1145484d266c', 3),
('8bac7181-3c4e-4ce4-a0cb-a2de2cfa8bc4', 7),
('51b0958f-7a2a-438c-8589-b5f1e9963e2f', 5),
('c6dde2d0-53c6-4d9b-82b5-ec793a27c4f1', 10),
('3114c3d0-bdd9-4ab5-b510-667451b5849a', 1),
('a0767678-3cd8-479f-9c6b-0b37977ef404', 10),
('d5766bf9-0b42-4596-982e-6eaa63bd9dcd', 8),
('a37335c8-fbb6-49b4-b4ad-306681de8c12', 5),
('59beef08-4627-40eb-9d25-6582177155f8', 4),
('9f2f30db-a1a9-4752-b26f-f6945133161b', 5),
('ec32951a-7618-472f-86bd-b3e302fbd0e8', 5),
('2b0cad73-5ea2-40fb-a55f-718ebceb8f7d', 11),
('ed38b6ee-2c19-41db-ad69-712d0902cf5e', 7),
('d073b770-92f1-41c1-933e-9e8d1399c534', 11),
('e5d45700-04d1-4dcc-9980-6fe133c5ea45', 3),
('d400b445-b47b-47a1-82b8-e711d211e36d', 6),
('e95e3d60-0326-4846-95d3-23362af6776a', 7),
('17ed631d-c959-4af2-9fef-26cd29ed540e', 12),
('f3267953-240d-41d8-9c63-1bbf61847026', 11),
('8481a314-680d-4445-8f8f-5b068caa296d', 4),
('9ef341ec-55a8-4282-9fc3-d27c511ddcdf', 12),
('25f8f05b-de86-4324-9b1d-9e35ee67f587', 5),
('40fd9bee-b2d2-49a1-b4cb-b768fc9d83b8', 1),
('6ade14d9-e285-447d-affd-1853b1f2bbee', 1),
('983a3a34-ec75-4ae9-8927-4bb7c8da0102', 1),
('8d7d8905-7be3-4906-aed1-5880909561c7', 10),
('0ef1a94c-2e80-4ec3-be83-120554e64472', 1),
('00cfcb75-65c8-4254-9386-4f788a9b0efb', 3),
('08f9af27-8f63-48cc-a955-30f82d37797f', 7),
('947f4521-cbb0-453b-aa4d-f872446994f2', 7),
('6ad4225a-0b20-4da5-9932-e65ceef19e05', 8),
('ffc6874a-8322-4a72-9e0b-598fa005f049', 12),
('75fb09c1-009c-4ba5-959d-e56af0bfb437', 7),
('5371aa59-8f00-4d28-aaf6-7f33175a8066', 9),
('68fd7ac6-0b4f-4bb1-9fc3-d1173a8eaeff', 11),
('85705895-2950-4cff-a866-58bae83474b7', 11),
('61a6674b-7e82-420d-9180-7e50522ec46d', 5),
('c3bfa397-ca58-44ec-8dc9-184ebe4e8078', 3),
('6530c633-8724-4756-b468-fb546b2ad9e0', 5),
('410a3bd3-d464-45bc-8945-446cf748b9c1', 3),
('f44ff430-75a4-4066-8398-7466ab0c38d6', 2),
('e5727d1f-d55a-42e2-9a92-3c98b4e3b85c', 8),
('61433667-e382-41e9-8da9-a88265d84da4', 7),
('6e397359-b5ee-4e48-a101-172e1890bac3', 3),
('f9ef02e3-59bb-44cf-87f5-d7bbd08b2e66', 2),
('ac57bb19-0490-4b5a-b685-d4d28b1bd503', 9),
('3e044c5d-2007-4a4d-9f97-86f5d604ea17', 7),
('45907a90-bbab-444e-bb55-20603058e4bb', 4),
('d2d2c25b-bbd9-4779-b7b9-0ef46de4adc2', 5),
('96685aed-a98c-4b99-afe2-ab3bcc18e0f0', 8),
('a5c5ee16-d6e8-449c-8314-10084d4a98c3', 1),
('b651de14-c25f-4c71-8e17-e038d7b6988f', 10),
('f26c4cef-b559-4f8f-a190-5237c5b54b71', 11),
('443dfcb5-e992-43b4-8393-b034a7796e1c', 9),
('f17e951e-93c2-4851-afde-cb6d45f42808', 4),
('ebf81da2-d830-4dec-9f81-b0ddb9d8cd71', 4),
('43bde1c4-be79-466c-b15f-4b74bc10ff07', 5),
('08eaae60-4c2c-4582-ad4a-1b1dc97d4b2e', 7),
('3161dfc6-32ac-4819-9481-79c95bf0b2a5', 9),
('f1f7733a-0b51-40c9-a360-0b6b56690b73', 5),
('0354d910-9294-4d8f-8119-e3e2b60eb771', 4),
('32255567-4410-4cbc-bb7d-6fde6f3daa5b', 6),
('2f82311a-8794-4f8e-b7c1-962731e569ad', 7),
('ca439562-4e0d-432f-8327-ea717c4f9e2e', 1),
('f752bb3b-60ca-4eee-b841-d979858a2ed2', 5),
('5257fc22-317f-413d-ae37-08aa6d70ea99', 5),
('041cfb5e-d57f-40ee-ac5b-09a4b8038e1e', 8),
('e5a6e5b2-07aa-4a7b-915b-653cc8f6573f', 5),
('408f8b85-349f-48dc-ae73-67a9f3f03c1e', 7),
('06e454a0-ab8b-4f6e-9583-4b4f24c13e6f', 10),
('970c2943-8c84-4490-b105-20c242e00ae1', 11),
('37d97675-5a62-4dc3-8cf4-d193b0d03e2b', 10),
('a31eea43-a97b-4588-9bea-b83deb8a0888', 12),
('af9a081b-f569-4a1c-953a-6d68519aa024', 12),
('2cb4d3c8-31d9-441c-91d4-10885bc0e956', 3),
('4b74f5d7-69c7-4baa-b80d-8603d7ce1245', 7),
('3f7a78a2-be63-4521-bb20-610fd96a3bc9', 5),
('fa0ff4bc-8b03-4241-b456-01a745a21db4', 4),
('cf310ca6-6bca-445b-8222-e605016b3a74', 10),
('84ba45bd-a1b8-4e0e-8dd9-40f255aa4216', 4),
('fa224a3c-4e32-423a-b76f-aaceddce90cd', 12),
('a74d1a9f-f96a-40e5-bf74-cf2fad9dc92f', 3),
('2f3bfbbd-bd04-40ff-8942-a520e581b8d5', 10),
('80def54d-6de9-485e-b396-89d49939cd00', 11),
('257e4c5c-7152-4b35-829c-d26a771cd9b6', 4),
('b4ab35c6-22d5-40e5-8547-95c9f2b73a9f', 12),
('c1070204-ad90-4c6c-a786-9abbc7151b34', 3),
('99c2175f-edc9-4124-9266-3132e1510eb9', 12),
('c1bc73c4-9b53-4deb-93ef-701a0d459249', 9),
('eaead930-a83c-4cda-adad-98ab65eaab36', 8),
('436d5fbe-1ced-4091-8184-e0385e8f8cb5', 10);
INSERT INTO product (id, name, description, price, stock, category) VALUES
(1, 'Tasty Gold Towels', 'Savor the golden essence in our Computer, designed for sweet culinary adventures', 176.89, 87, 'Acessórios'),
(2, 'Small Granite Gloves', 'Our crunchy-inspired Salad brings a taste of luxury to your well-worn lifestyle', 385.69, 44, 'Brinquedos'),
(3, 'Frozen Plastic Car', 'The Wanda Cheese is the latest in a series of linear products from Abbott Group', 459.75, 23, 'Livros'),
(4, 'Licensed Plastic Bike', 'Experience the black brilliance of our Bike, perfect for grim environments', 888.69, 72, 'Livros'),
(5, 'Practical Wooden Ball', 'Experience the gold brilliance of our Ball, perfect for frequent environments', 405.85, 14, 'Acessórios'),
(6, 'Ergonomic Concrete Ball', 'Ergonomic Sausages made with Concrete for all-day angelic support', 940.69, 71, 'Roupas'),
(7, 'Generic Bamboo Sausages', 'Incredible Gloves designed with Silk for edible performance', 915.69, 20, 'Roupas'),
(8, 'Elegant Rubber Mouse', 'The Newell Hat is the latest in a series of victorious products from Little, Feest and Schulist', 576.35, 16, 'Brinquedos'),
(9, 'Sleek Marble Salad', 'The white Sausages combines India aesthetics with Tellurium-based durability', 426.6, 86, 'Eletrônicos'),
(10, 'Sleek Steel Bike', 'Savor the golden essence in our Hat, designed for little culinary adventures', 684.79, 54, 'Brinquedos'),
(11, 'Intelligent Granite Mouse', 'Our ostrich-friendly Tuna ensures profuse comfort for your pets', 121.49, 4, 'Brinquedos'),
(12, 'Rustic Bronze Gloves', 'Our hippopotamus-friendly Computer ensures witty comfort for your pets', 322.39, 19, 'Roupas'),
(13, 'Modern Silk Mouse', 'Introducing the Moldova-inspired Pants, blending rewarding style with local craftsmanship', 71.79, 5, 'Livros'),
(14, 'Small Concrete Computer', 'Savor the sour essence in our Soap, designed for instructive culinary adventures', 850.29, 85, 'Livros'),
(15, 'Sleek Cotton Soap', 'Introducing the Guatemala-inspired Pants, blending trusty style with local craftsmanship', 345.75, 67, 'Brinquedos'),
(16, 'Oriental Concrete Chair', 'The sleek and able Towels comes with mint green LED lighting for smart functionality', 864.45, 79, 'Brinquedos'),
(17, 'Bespoke Aluminum Pizza', 'Introducing the Somalia-inspired Shoes, blending untrue style with local craftsmanship', 968.89, 25, 'Eletrônicos'),
(18, 'Ergonomic Aluminum Pizza', 'Introducing the Nicaragua-inspired Ball, blending mysterious style with local craftsmanship', 803.99, 61, 'Brinquedos'),
(19, 'Fantastic Cotton Computer', 'New Salad model with 29 GB RAM, 709 GB storage, and quick-witted features', 699.75, 100, 'Acessórios'),
(20, 'Soft Granite Cheese', 'Discover the tiger-like agility of our Fish, perfect for straight users', 225.89, 45, 'Brinquedos'),
(21, 'Bespoke Concrete Computer', 'New ivory Bike with ergonomic design for gummy comfort', 229.65, 36, 'Roupas'),
(22, 'Tasty Plastic Sausages', 'New Pants model with 13 GB RAM, 17 GB storage, and impressionable features', 474.05, 31, 'Roupas'),
(23, 'Luxurious Gold Fish', 'Discover the polar bear-like agility of our Gloves, perfect for tidy users', 323.19, 34, 'Eletrônicos'),
(24, 'Practical Plastic Pants', 'Discover the profitable new Sausages with an exciting mix of Silk ingredients', 429.19, 24, 'Livros'),
(25, 'Tasty Cotton Computer', 'Elegant Towels designed with Marble for deep performance', 633.19, 87, 'Roupas'),
(26, 'Frozen Bamboo Sausages', 'Ergonomic Fish made with Metal for all-day free support', 726.2, 65, 'Brinquedos'),
(27, 'Handcrafted Bronze Bacon', 'Stylish Chicken designed to make you stand out with brilliant looks', 620.19, 59, 'Roupas'),
(28, 'Awesome Granite Hat', 'Ergonomic Mouse made with Concrete for all-day everlasting support', 499.89, 94, 'Eletrônicos'),
(29, 'Modern Steel Chips', 'The sleek and thick Gloves comes with grey LED lighting for smart functionality', 177.32, 78, 'Livros'),
(30, 'Awesome Bamboo Chicken', 'Discover the political new Mouse with an exciting mix of Aluminum ingredients', 365.25, 62, 'Roupas'),
(31, 'Recycled Bronze Chicken', 'The sleek and unlawful Hat comes with maroon LED lighting for smart functionality', 997.4, 41, 'Roupas'),
(32, 'Fresh Steel Bacon', 'Experience the pink brilliance of our Computer, perfect for tense environments', 273.25, 59, 'Brinquedos'),
(33, 'Soft Bronze Bike', 'Introducing the Venezuela-inspired Chips, blending somber style with local craftsmanship', 874.89, 34, 'Roupas'),
(34, 'Intelligent Aluminum Mouse', 'The cyan Fish combines Svalbard & Jan Mayen Islands aesthetics with Cobalt-based durability', 542.05, 13, 'Brinquedos'),
(35, 'Handmade Metal Shoes', 'New Bike model with 52 GB RAM, 585 GB storage, and second-hand features', 160.4, 35, 'Livros'),
(36, 'Frozen Bronze Cheese', 'Stylish Bacon designed to make you stand out with bogus looks', 348.05, 55, 'Brinquedos'),
(37, 'Handmade Gold Chips', 'New magenta Computer with ergonomic design for frozen comfort', 431.47, 38, 'Roupas'),
(38, 'Unbranded Metal Salad', 'Discover the insistent new Keyboard with an exciting mix of Silk ingredients', 573.29, 70, 'Livros'),
(39, 'Sleek Steel Towels', 'Professional-grade Mouse perfect for quick training and recreational use', 690.79, 2, 'Roupas'),
(40, 'Generic Marble Chair', 'Experience the red brilliance of our Keyboard, perfect for insistent environments', 717.49, 43, 'Roupas'),
(41, 'Modern Silk Chicken', 'Featuring Scandium-enhanced technology, our Ball offers unparalleled husky performance', 83.66, 23, 'Brinquedos'),
(42, 'Frozen Metal Keyboard', 'Experience the orchid brilliance of our Pizza, perfect for oily environments', 176.05, 24, 'Brinquedos'),
(43, 'Small Ceramic Cheese', 'Experience the pink brilliance of our Mouse, perfect for emotional environments', 17.69, 50, 'Livros'),
(44, 'Luxurious Aluminum Salad', 'The Cecelia Salad is the latest in a series of experienced products from Adams, Conroy and Lesch', 856.89, 2, 'Brinquedos'),
(45, 'Bespoke Marble Chair', 'Ergonomic Shirt made with Marble for all-day aggravating support', 244.85, 91, 'Eletrônicos'),
(46, 'Elegant Plastic Salad', 'Ergonomic Chair made with Bronze for all-day unfit support', 46.19, 48, 'Acessórios'),
(47, 'Sleek Marble Keyboard', 'Our wolf-friendly Chips ensures old-fashioned comfort for your pets', 258.99, 54, 'Livros'),
(48, 'Handmade Marble Hat', 'Ergonomic Bacon made with Concrete for all-day damp support', 966.79, 61, 'Brinquedos'),
(49, 'Refined Wooden Computer', 'Stylish Keyboard designed to make you stand out with speedy looks', 675.69, 73, 'Brinquedos'),
(50, 'Fantastic Rubber Hat', 'The User-centric demand-driven customer loyalty Chicken offers reliable performance and steep design', 553.71, 87, 'Eletrônicos');
INSERT INTO cart (id, user_id) VALUES
(1, '61f51a23-4ba8-46c8-80fd-96e9d50b0f9f'),
(2, '523cc5e0-a6b8-4456-aa6c-23ea1d831b0f'),
(3, '1eb6a2ab-bace-458b-87d8-b33eb472f61e'),
(4, '048ed5d8-c56a-4afe-b255-5ee015544f30'),
(5, '35125403-ea04-43a0-808f-89d0acf80e22'),
(6, '30edef40-6b1f-485b-9a9c-01677aa5690c'),
(7, '79756709-1793-4484-9bbf-6cf818bc1612'),
(8, '9ea405a3-5533-4da9-aab4-c68cf192919e'),
(9, '5ff0be16-5a12-4aeb-a2f1-8277aaa8b3dc'),
(10, '9b39c423-ea0b-4724-b9b6-1145484d266c'),
(11, '8bac7181-3c4e-4ce4-a0cb-a2de2cfa8bc4'),
(12, '51b0958f-7a2a-438c-8589-b5f1e9963e2f'),
(13, 'c6dde2d0-53c6-4d9b-82b5-ec793a27c4f1'),
(14, '3114c3d0-bdd9-4ab5-b510-667451b5849a'),
(15, 'a0767678-3cd8-479f-9c6b-0b37977ef404'),
(16, 'd5766bf9-0b42-4596-982e-6eaa63bd9dcd'),
(17, 'a37335c8-fbb6-49b4-b4ad-306681de8c12'),
(18, '59beef08-4627-40eb-9d25-6582177155f8'),
(19, '9f2f30db-a1a9-4752-b26f-f6945133161b'),
(20, 'ec32951a-7618-472f-86bd-b3e302fbd0e8'),
(21, '2b0cad73-5ea2-40fb-a55f-718ebceb8f7d'),
(22, 'ed38b6ee-2c19-41db-ad69-712d0902cf5e'),
(23, 'd073b770-92f1-41c1-933e-9e8d1399c534'),
(24, 'e5d45700-04d1-4dcc-9980-6fe133c5ea45'),
(25, 'd400b445-b47b-47a1-82b8-e711d211e36d'),
(26, 'e95e3d60-0326-4846-95d3-23362af6776a'),
(27, '17ed631d-c959-4af2-9fef-26cd29ed540e'),
(28, 'f3267953-240d-41d8-9c63-1bbf61847026'),
(29, '8481a314-680d-4445-8f8f-5b068caa296d'),
(30, '9ef341ec-55a8-4282-9fc3-d27c511ddcdf'),
(31, '25f8f05b-de86-4324-9b1d-9e35ee67f587'),
(32, '40fd9bee-b2d2-49a1-b4cb-b768fc9d83b8'),
(33, '6ade14d9-e285-447d-affd-1853b1f2bbee'),
(34, '983a3a34-ec75-4ae9-8927-4bb7c8da0102'),
(35, '8d7d8905-7be3-4906-aed1-5880909561c7'),
(36, '0ef1a94c-2e80-4ec3-be83-120554e64472'),
(37, '00cfcb75-65c8-4254-9386-4f788a9b0efb'),
(38, '08f9af27-8f63-48cc-a955-30f82d37797f'),
(39, '947f4521-cbb0-453b-aa4d-f872446994f2'),
(40, '6ad4225a-0b20-4da5-9932-e65ceef19e05'),
(41, 'ffc6874a-8322-4a72-9e0b-598fa005f049'),
(42, '75fb09c1-009c-4ba5-959d-e56af0bfb437'),
(43, '5371aa59-8f00-4d28-aaf6-7f33175a8066'),
(44, '68fd7ac6-0b4f-4bb1-9fc3-d1173a8eaeff'),
(45, '85705895-2950-4cff-a866-58bae83474b7'),
(46, '61a6674b-7e82-420d-9180-7e50522ec46d'),
(47, 'c3bfa397-ca58-44ec-8dc9-184ebe4e8078'),
(48, '6530c633-8724-4756-b468-fb546b2ad9e0'),
(49, '410a3bd3-d464-45bc-8945-446cf748b9c1'),
(50, 'f44ff430-75a4-4066-8398-7466ab0c38d6'),
(51, 'e5727d1f-d55a-42e2-9a92-3c98b4e3b85c'),
(52, '61433667-e382-41e9-8da9-a88265d84da4'),
(53, '6e397359-b5ee-4e48-a101-172e1890bac3'),
(54, 'f9ef02e3-59bb-44cf-87f5-d7bbd08b2e66'),
(55, 'ac57bb19-0490-4b5a-b685-d4d28b1bd503'),
(56, '3e044c5d-2007-4a4d-9f97-86f5d604ea17'),
(57, '45907a90-bbab-444e-bb55-20603058e4bb'),
(58, 'd2d2c25b-bbd9-4779-b7b9-0ef46de4adc2'),
(59, '96685aed-a98c-4b99-afe2-ab3bcc18e0f0'),
(60, 'a5c5ee16-d6e8-449c-8314-10084d4a98c3'),
(61, 'b651de14-c25f-4c71-8e17-e038d7b6988f'),
(62, 'f26c4cef-b559-4f8f-a190-5237c5b54b71'),
(63, '443dfcb5-e992-43b4-8393-b034a7796e1c'),
(64, 'f17e951e-93c2-4851-afde-cb6d45f42808'),
(65, 'ebf81da2-d830-4dec-9f81-b0ddb9d8cd71'),
(66, '43bde1c4-be79-466c-b15f-4b74bc10ff07'),
(67, '08eaae60-4c2c-4582-ad4a-1b1dc97d4b2e'),
(68, '3161dfc6-32ac-4819-9481-79c95bf0b2a5'),
(69, 'f1f7733a-0b51-40c9-a360-0b6b56690b73'),
(70, '0354d910-9294-4d8f-8119-e3e2b60eb771'),
(71, '32255567-4410-4cbc-bb7d-6fde6f3daa5b'),
(72, '2f82311a-8794-4f8e-b7c1-962731e569ad'),
(73, 'ca439562-4e0d-432f-8327-ea717c4f9e2e'),
(74, 'f752bb3b-60ca-4eee-b841-d979858a2ed2'),
(75, '5257fc22-317f-413d-ae37-08aa6d70ea99'),
(76, '041cfb5e-d57f-40ee-ac5b-09a4b8038e1e'),
(77, 'e5a6e5b2-07aa-4a7b-915b-653cc8f6573f'),
(78, '408f8b85-349f-48dc-ae73-67a9f3f03c1e'),
(79, '06e454a0-ab8b-4f6e-9583-4b4f24c13e6f'),
(80, '970c2943-8c84-4490-b105-20c242e00ae1'),
(81, '37d97675-5a62-4dc3-8cf4-d193b0d03e2b'),
(82, 'a31eea43-a97b-4588-9bea-b83deb8a0888'),
(83, 'af9a081b-f569-4a1c-953a-6d68519aa024'),
(84, '2cb4d3c8-31d9-441c-91d4-10885bc0e956'),
(85, '4b74f5d7-69c7-4baa-b80d-8603d7ce1245'),
(86, '3f7a78a2-be63-4521-bb20-610fd96a3bc9'),
(87, 'fa0ff4bc-8b03-4241-b456-01a745a21db4'),
(88, 'cf310ca6-6bca-445b-8222-e605016b3a74'),
(89, '84ba45bd-a1b8-4e0e-8dd9-40f255aa4216'),
(90, 'fa224a3c-4e32-423a-b76f-aaceddce90cd'),
(91, 'a74d1a9f-f96a-40e5-bf74-cf2fad9dc92f'),
(92, '2f3bfbbd-bd04-40ff-8942-a520e581b8d5'),
(93, '80def54d-6de9-485e-b396-89d49939cd00'),
(94, '257e4c5c-7152-4b35-829c-d26a771cd9b6'),
(95, 'b4ab35c6-22d5-40e5-8547-95c9f2b73a9f'),
(96, 'c1070204-ad90-4c6c-a786-9abbc7151b34'),
(97, '99c2175f-edc9-4124-9266-3132e1510eb9'),
(98, 'c1bc73c4-9b53-4deb-93ef-701a0d459249'),
(99, 'eaead930-a83c-4cda-adad-98ab65eaab36'),
(100, '436d5fbe-1ced-4091-8184-e0385e8f8cb5');
INSERT INTO cart_item (id, product_id, cart_id, quantity) VALUES
(1, 22, 1, 4),
(2, 19, 1, 2),
(3, 30, 1, 5),
(4, 50, 1, 5),
(5, 9, 1, 4),
(6, 26, 2, 2),
(7, 21, 2, 3),
(8, 14, 2, 3),
(9, 16, 2, 3),
(10, 27, 2, 1),
(11, 21, 3, 3),
(12, 8, 3, 5),
(13, 23, 3, 5),
(14, 28, 3, 1),
(15, 31, 3, 2),
(16, 13, 4, 4),
(17, 41, 4, 1),
(18, 39, 4, 2),
(19, 4, 4, 4),
(20, 37, 4, 1),
(21, 19, 5, 3),
(22, 21, 5, 2),
(23, 23, 5, 3),
(24, 45, 5, 3),
(25, 9, 5, 2),
(26, 20, 6, 1),
(27, 1, 6, 3),
(28, 37, 6, 4),
(29, 21, 6, 1),
(30, 38, 6, 5),
(31, 17, 7, 2),
(32, 24, 7, 5),
(33, 40, 7, 5),
(34, 33, 7, 1),
(35, 22, 7, 3),
(36, 26, 8, 5),
(37, 3, 8, 2),
(38, 43, 8, 2),
(39, 17, 8, 1),
(40, 46, 8, 2),
(41, 24, 9, 4),
(42, 34, 9, 1),
(43, 15, 9, 5),
(44, 29, 9, 1),
(45, 2, 9, 5),
(46, 27, 10, 2),
(47, 25, 10, 4),
(48, 40, 10, 4),
(49, 34, 10, 5),
(50, 46, 10, 2),
(51, 40, 11, 5),
(52, 21, 11, 1),
(53, 30, 11, 1),
(54, 35, 11, 4),
(55, 8, 11, 5),
(56, 15, 12, 5),
(57, 44, 12, 4),
(58, 16, 12, 1),
(59, 21, 12, 5),
(60, 43, 12, 2),
(61, 19, 13, 1),
(62, 23, 13, 2),
(63, 18, 13, 1),
(64, 35, 13, 3),
(65, 50, 13, 5),
(66, 5, 14, 1),
(67, 43, 14, 1),
(68, 48, 14, 4),
(69, 2, 14, 2),
(70, 13, 14, 2),
(71, 26, 15, 5),
(72, 6, 15, 5),
(73, 49, 15, 1),
(74, 42, 15, 4),
(75, 11, 15, 1),
(76, 49, 16, 5),
(77, 38, 16, 2),
(78, 41, 16, 4),
(79, 18, 16, 3),
(80, 17, 16, 2),
(81, 21, 17, 1),
(82, 32, 17, 2),
(83, 14, 17, 2),
(84, 35, 17, 5),
(85, 5, 17, 4),
(86, 32, 18, 1),
(87, 49, 18, 4),
(88, 37, 18, 5),
(89, 4, 18, 4),
(90, 1, 18, 2),
(91, 24, 19, 1),
(92, 39, 19, 2),
(93, 23, 19, 3),
(94, 26, 19, 2),
(95, 34, 19, 4),
(96, 6, 20, 4),
(97, 39, 20, 1),
(98, 13, 20, 2),
(99, 2, 20, 1),
(100, 25, 20, 4),
(101, 21, 21, 2),
(102, 41, 21, 1),
(103, 44, 21, 5),
(104, 40, 21, 3),
(105, 12, 21, 5),
(106, 44, 22, 3),
(107, 36, 22, 4),
(108, 18, 22, 1),
(109, 30, 22, 2),
(110, 8, 22, 3),
(111, 28, 23, 4),
(112, 45, 23, 3),
(113, 21, 23, 5),
(114, 37, 23, 5),
(115, 3, 23, 1),
(116, 14, 24, 3),
(117, 28, 24, 1),
(118, 23, 24, 1),
(119, 32, 24, 1),
(120, 24, 24, 4),
(121, 41, 25, 2),
(122, 32, 25, 1),
(123, 10, 25, 5),
(124, 48, 25, 5),
(125, 44, 25, 5),
(126, 6, 26, 1),
(127, 38, 26, 3),
(128, 32, 26, 1),
(129, 36, 26, 3),
(130, 17, 26, 2),
(131, 47, 27, 2),
(132, 6, 27, 3),
(133, 49, 27, 3),
(134, 44, 27, 2),
(135, 18, 27, 2),
(136, 23, 28, 3),
(137, 41, 28, 3),
(138, 18, 28, 5),
(139, 39, 28, 5),
(140, 35, 28, 3),
(141, 16, 29, 1),
(142, 22, 29, 1),
(143, 7, 29, 3),
(144, 37, 29, 2),
(145, 31, 29, 2),
(146, 25, 30, 4),
(147, 17, 30, 4),
(148, 36, 30, 4),
(149, 48, 30, 5),
(150, 46, 30, 1),
(151, 26, 31, 2),
(152, 18, 31, 4),
(153, 11, 31, 4),
(154, 50, 31, 3),
(155, 4, 31, 4),
(156, 40, 32, 4),
(157, 1, 32, 1),
(158, 20, 32, 4),
(159, 14, 32, 5),
(160, 23, 32, 5),
(161, 41, 33, 5),
(162, 23, 33, 5),
(163, 21, 33, 4),
(164, 13, 33, 5),
(165, 50, 33, 5),
(166, 32, 34, 1),
(167, 12, 34, 3),
(168, 15, 34, 4),
(169, 14, 34, 1),
(170, 42, 34, 5),
(171, 18, 35, 5),
(172, 10, 35, 2),
(173, 34, 35, 3),
(174, 29, 35, 2),
(175, 44, 35, 5),
(176, 47, 36, 1),
(177, 28, 36, 5),
(178, 50, 36, 1),
(179, 17, 36, 4),
(180, 19, 36, 4),
(181, 23, 37, 1),
(182, 41, 37, 5),
(183, 39, 37, 5),
(184, 10, 37, 4),
(185, 34, 37, 2),
(186, 28, 38, 1),
(187, 7, 38, 5),
(188, 14, 38, 1),
(189, 5, 38, 4),
(190, 50, 38, 4),
(191, 44, 39, 5),
(192, 14, 39, 5),
(193, 28, 39, 5),
(194, 29, 39, 3),
(195, 20, 39, 2),
(196, 17, 40, 3),
(197, 42, 40, 1),
(198, 5, 40, 5),
(199, 32, 40, 1),
(200, 1, 40, 2),
(201, 41, 41, 3),
(202, 30, 41, 2),
(203, 34, 41, 5),
(204, 37, 41, 3),
(205, 19, 41, 4),
(206, 32, 42, 4),
(207, 49, 42, 3),
(208, 6, 42, 4),
(209, 7, 42, 4),
(210, 4, 42, 4),
(211, 45, 43, 1),
(212, 7, 43, 3),
(213, 3, 43, 1),
(214, 14, 43, 5),
(215, 50, 43, 4),
(216, 38, 44, 5),
(217, 24, 44, 2),
(218, 3, 44, 3),
(219, 7, 44, 4),
(220, 35, 44, 4),
(221, 11, 45, 3),
(222, 35, 45, 1),
(223, 32, 45, 4),
(224, 46, 45, 1),
(225, 8, 45, 1),
(226, 1, 46, 3),
(227, 49, 46, 1),
(228, 3, 46, 5),
(229, 5, 46, 5),
(230, 45, 46, 5),
(231, 12, 47, 5),
(232, 29, 47, 1),
(233, 46, 47, 1),
(234, 38, 47, 2),
(235, 17, 47, 2),
(236, 42, 48, 5),
(237, 19, 48, 2),
(238, 20, 48, 4),
(239, 40, 48, 1),
(240, 29, 48, 5),
(241, 5, 49, 4),
(242, 23, 49, 3),
(243, 28, 49, 3),
(244, 3, 49, 3),
(245, 11, 49, 5),
(246, 29, 50, 4),
(247, 33, 50, 4),
(248, 30, 50, 2),
(249, 43, 50, 4),
(250, 3, 50, 3),
(251, 5, 51, 4),
(252, 28, 51, 5),
(253, 38, 51, 2),
(254, 39, 51, 4),
(255, 10, 51, 2),
(256, 2, 52, 1),
(257, 31, 52, 5),
(258, 25, 52, 5),
(259, 46, 52, 5),
(260, 18, 52, 3),
(261, 41, 53, 2),
(262, 10, 53, 3),
(263, 11, 53, 5),
(264, 18, 53, 2),
(265, 30, 53, 3),
(266, 2, 54, 1),
(267, 32, 54, 1),
(268, 7, 54, 4),
(269, 50, 54, 2),
(270, 30, 54, 5),
(271, 23, 55, 5),
(272, 17, 55, 1),
(273, 22, 55, 1),
(274, 21, 55, 4),
(275, 33, 55, 4),
(276, 41, 56, 3),
(277, 50, 56, 2),
(278, 27, 56, 1),
(279, 38, 56, 3),
(280, 11, 56, 1),
(281, 49, 57, 5),
(282, 13, 57, 1),
(283, 29, 57, 5),
(284, 4, 57, 4),
(285, 28, 57, 5),
(286, 5, 58, 5),
(287, 34, 58, 1),
(288, 17, 58, 5),
(289, 31, 58, 4),
(290, 23, 58, 2),
(291, 34, 59, 4),
(292, 6, 59, 5),
(293, 12, 59, 4),
(294, 46, 59, 4),
(295, 8, 59, 4),
(296, 24, 60, 2),
(297, 47, 60, 3),
(298, 38, 60, 5),
(299, 17, 60, 1),
(300, 5, 60, 5),
(301, 1, 61, 1),
(302, 32, 61, 2),
(303, 34, 61, 5),
(304, 18, 61, 2),
(305, 36, 61, 2),
(306, 25, 62, 5),
(307, 26, 62, 3),
(308, 10, 62, 5),
(309, 31, 62, 4),
(310, 33, 62, 2),
(311, 2, 63, 2),
(312, 17, 63, 2),
(313, 42, 63, 4),
(314, 27, 63, 4),
(315, 12, 63, 4),
(316, 25, 64, 1),
(317, 2, 64, 5),
(318, 34, 64, 4),
(319, 39, 64, 3),
(320, 9, 64, 2),
(321, 46, 65, 4),
(322, 41, 65, 4),
(323, 38, 65, 5),
(324, 50, 65, 3),
(325, 14, 65, 2),
(326, 47, 66, 4),
(327, 46, 66, 3),
(328, 36, 66, 2),
(329, 49, 66, 4),
(330, 48, 66, 2),
(331, 16, 67, 5),
(332, 23, 67, 5),
(333, 19, 67, 3),
(334, 25, 67, 5),
(335, 4, 67, 2),
(336, 20, 68, 3),
(337, 1, 68, 5),
(338, 35, 68, 5),
(339, 32, 68, 1),
(340, 43, 68, 3),
(341, 2, 69, 2),
(342, 38, 69, 5),
(343, 30, 69, 4),
(344, 28, 69, 5),
(345, 22, 69, 3),
(346, 32, 70, 1),
(347, 37, 70, 3),
(348, 35, 70, 3),
(349, 33, 70, 4),
(350, 1, 70, 2),
(351, 3, 71, 5),
(352, 35, 71, 5),
(353, 11, 71, 3),
(354, 47, 71, 4),
(355, 13, 71, 3),
(356, 40, 72, 4),
(357, 28, 72, 1),
(358, 16, 72, 4),
(359, 25, 72, 5),
(360, 38, 72, 3),
(361, 22, 73, 2),
(362, 45, 73, 3),
(363, 26, 73, 3),
(364, 13, 73, 4),
(365, 49, 73, 5),
(366, 27, 74, 3),
(367, 4, 74, 5),
(368, 25, 74, 2),
(369, 26, 74, 4),
(370, 41, 74, 3),
(371, 18, 75, 1),
(372, 12, 75, 5),
(373, 5, 75, 2),
(374, 1, 75, 5),
(375, 16, 75, 5),
(376, 5, 76, 3),
(377, 10, 76, 2),
(378, 36, 76, 3),
(379, 27, 76, 3),
(380, 49, 76, 2),
(381, 23, 77, 3),
(382, 42, 77, 5),
(383, 49, 77, 4),
(384, 46, 77, 1),
(385, 9, 77, 2),
(386, 4, 78, 1),
(387, 50, 78, 4),
(388, 16, 78, 1),
(389, 37, 78, 3),
(390, 45, 78, 3),
(391, 41, 79, 5),
(392, 17, 79, 1),
(393, 32, 79, 2),
(394, 4, 79, 3),
(395, 34, 79, 2),
(396, 12, 80, 5),
(397, 1, 80, 5),
(398, 9, 80, 3),
(399, 40, 80, 2),
(400, 37, 80, 1),
(401, 50, 81, 5),
(402, 27, 81, 1),
(403, 41, 81, 3),
(404, 48, 81, 4),
(405, 7, 81, 3),
(406, 47, 82, 4),
(407, 16, 82, 5),
(408, 31, 82, 5),
(409, 19, 82, 3),
(410, 39, 82, 4),
(411, 29, 83, 3),
(412, 42, 83, 3),
(413, 47, 83, 5),
(414, 27, 83, 4),
(415, 37, 83, 2),
(416, 29, 84, 2),
(417, 48, 84, 1),
(418, 42, 84, 2),
(419, 1, 84, 3),
(420, 43, 84, 4),
(421, 32, 85, 5),
(422, 38, 85, 1),
(423, 18, 85, 4),
(424, 20, 85, 3),
(425, 50, 85, 3),
(426, 46, 86, 1),
(427, 24, 86, 3),
(428, 47, 86, 3),
(429, 40, 86, 1),
(430, 15, 86, 1),
(431, 39, 87, 3),
(432, 42, 87, 5),
(433, 22, 87, 4),
(434, 2, 87, 2),
(435, 46, 87, 4),
(436, 36, 88, 5),
(437, 1, 88, 4),
(438, 35, 88, 1),
(439, 6, 88, 1),
(440, 50, 88, 1),
(441, 33, 89, 2),
(442, 22, 89, 4),
(443, 39, 89, 2),
(444, 18, 89, 2),
(445, 8, 89, 1),
(446, 33, 90, 4),
(447, 44, 90, 1),
(448, 22, 90, 3),
(449, 41, 90, 5),
(450, 27, 90, 4),
(451, 14, 91, 3),
(452, 13, 91, 4),
(453, 16, 91, 5),
(454, 5, 91, 2),
(455, 15, 91, 2),
(456, 12, 92, 4),
(457, 27, 92, 3),
(458, 38, 92, 4),
(459, 48, 92, 4),
(460, 32, 92, 1),
(461, 36, 93, 1),
(462, 45, 93, 1),
(463, 12, 93, 3),
(464, 39, 93, 2),
(465, 40, 93, 4),
(466, 27, 94, 2),
(467, 49, 94, 4),
(468, 10, 94, 5),
(469, 30, 94, 4),
(470, 37, 94, 5),
(471, 16, 95, 5),
(472, 14, 95, 5),
(473, 46, 95, 5),
(474, 34, 95, 2),
(475, 22, 95, 1),
(476, 49, 96, 5),
(477, 42, 96, 5),
(478, 30, 96, 1),
(479, 26, 96, 5),
(480, 25, 96, 2),
(481, 11, 97, 4),
(482, 22, 97, 2),
(483, 16, 97, 2),
(484, 3, 97, 2),
(485, 48, 97, 4),
(486, 36, 98, 4),
(487, 47, 98, 2),
(488, 26, 98, 3),
(489, 29, 98, 2),
(490, 35, 98, 3),
(491, 24, 99, 4),
(492, 29, 99, 1),
(493, 49, 99, 1),
(494, 27, 99, 2),
(495, 18, 99, 1),
(496, 46, 100, 5),
(497, 19, 100, 4),
(498, 25, 100, 5),
(499, 49, 100, 1),
(500, 17, 100, 3);
INSERT INTO order_record (id, user_id, date, status) VALUES
(1, '048ed5d8-c56a-4afe-b255-5ee015544f30', '2025-05-24 02:40:58', 'processing'),
(2, '048ed5d8-c56a-4afe-b255-5ee015544f30', '2025-05-24 02:40:58', 'processing'),
(3, '048ed5d8-c56a-4afe-b255-5ee015544f30', '2025-05-24 02:40:58', 'processing'),
(4, '35125403-ea04-43a0-808f-89d0acf80e22', '2025-05-24 02:40:58', 'cancelled'),
(5, '35125403-ea04-43a0-808f-89d0acf80e22', '2025-05-24 02:40:58', 'delivered'),
(6, '30edef40-6b1f-485b-9a9c-01677aa5690c', '2025-05-24 02:40:58', 'processing'),
(7, '79756709-1793-4484-9bbf-6cf818bc1612', '2025-05-24 02:40:58', 'shipped'),
(8, '5ff0be16-5a12-4aeb-a2f1-8277aaa8b3dc', '2025-05-24 02:40:58', 'delivered'),
(9, '8bac7181-3c4e-4ce4-a0cb-a2de2cfa8bc4', '2025-05-24 02:40:58', 'delivered'),
(10, '8bac7181-3c4e-4ce4-a0cb-a2de2cfa8bc4', '2025-05-24 02:40:58', 'processing'),
(11, 'c6dde2d0-53c6-4d9b-82b5-ec793a27c4f1', '2025-05-24 02:40:58', 'delivered'),
(12, '3114c3d0-bdd9-4ab5-b510-667451b5849a', '2025-05-24 02:40:58', 'cancelled'),
(13, 'a0767678-3cd8-479f-9c6b-0b37977ef404', '2025-05-24 02:40:58', 'processing'),
(14, 'a0767678-3cd8-479f-9c6b-0b37977ef404', '2025-05-24 02:40:58', 'processing'),
(15, 'a37335c8-fbb6-49b4-b4ad-306681de8c12', '2025-05-24 02:40:58', 'delivered'),
(16, '59beef08-4627-40eb-9d25-6582177155f8', '2025-05-24 02:40:58', 'processing'),
(17, '59beef08-4627-40eb-9d25-6582177155f8', '2025-05-24 02:40:58', 'delivered'),
(18, 'ec32951a-7618-472f-86bd-b3e302fbd0e8', '2025-05-24 02:40:58', 'delivered'),
(19, 'ec32951a-7618-472f-86bd-b3e302fbd0e8', '2025-05-24 02:40:58', 'shipped'),
(20, 'ec32951a-7618-472f-86bd-b3e302fbd0e8', '2025-05-24 02:40:58', 'processing'),
(21, 'ed38b6ee-2c19-41db-ad69-712d0902cf5e', '2025-05-24 02:40:58', 'delivered'),
(22, 'ed38b6ee-2c19-41db-ad69-712d0902cf5e', '2025-05-24 02:40:58', 'processing'),
(23, 'd073b770-92f1-41c1-933e-9e8d1399c534', '2025-05-24 02:40:58', 'processing'),
(24, 'd073b770-92f1-41c1-933e-9e8d1399c534', '2025-05-24 02:40:58', 'cancelled'),
(25, 'e5d45700-04d1-4dcc-9980-6fe133c5ea45', '2025-05-24 02:40:58', 'delivered'),
(26, 'e5d45700-04d1-4dcc-9980-6fe133c5ea45', '2025-05-24 02:40:58', 'processing'),
(27, 'd400b445-b47b-47a1-82b8-e711d211e36d', '2025-05-24 02:40:58', 'shipped'),
(28, 'd400b445-b47b-47a1-82b8-e711d211e36d', '2025-05-24 02:40:58', 'processing'),
(29, 'e95e3d60-0326-4846-95d3-23362af6776a', '2025-05-24 02:40:58', 'processing'),
(30, 'e95e3d60-0326-4846-95d3-23362af6776a', '2025-05-24 02:40:58', 'delivered'),
(31, '17ed631d-c959-4af2-9fef-26cd29ed540e', '2025-05-24 02:40:58', 'processing'),
(32, '17ed631d-c959-4af2-9fef-26cd29ed540e', '2025-05-24 02:40:58', 'processing'),
(33, '17ed631d-c959-4af2-9fef-26cd29ed540e', '2025-05-24 02:40:58', 'processing'),
(34, 'f3267953-240d-41d8-9c63-1bbf61847026', '2025-05-24 02:40:58', 'shipped'),
(35, 'f3267953-240d-41d8-9c63-1bbf61847026', '2025-05-24 02:40:58', 'processing'),
(36, '25f8f05b-de86-4324-9b1d-9e35ee67f587', '2025-05-24 02:40:58', 'shipped'),
(37, '25f8f05b-de86-4324-9b1d-9e35ee67f587', '2025-05-24 02:40:58', 'shipped'),
(38, '25f8f05b-de86-4324-9b1d-9e35ee67f587', '2025-05-24 02:40:58', 'delivered'),
(39, '40fd9bee-b2d2-49a1-b4cb-b768fc9d83b8', '2025-05-24 02:40:58', 'delivered'),
(40, '6ade14d9-e285-447d-affd-1853b1f2bbee', '2025-05-24 02:40:58', 'shipped'),
(41, '6ade14d9-e285-447d-affd-1853b1f2bbee', '2025-05-24 02:40:58', 'delivered'),
(42, '983a3a34-ec75-4ae9-8927-4bb7c8da0102', '2025-05-24 02:40:58', 'shipped'),
(43, '983a3a34-ec75-4ae9-8927-4bb7c8da0102', '2025-05-24 02:40:58', 'shipped'),
(44, '0ef1a94c-2e80-4ec3-be83-120554e64472', '2025-05-24 02:40:58', 'processing'),
(45, '0ef1a94c-2e80-4ec3-be83-120554e64472', '2025-05-24 02:40:58', 'delivered'),
(46, '00cfcb75-65c8-4254-9386-4f788a9b0efb', '2025-05-24 02:40:58', 'cancelled'),
(47, '08f9af27-8f63-48cc-a955-30f82d37797f', '2025-05-24 02:40:58', 'processing'),
(48, '08f9af27-8f63-48cc-a955-30f82d37797f', '2025-05-24 02:40:58', 'cancelled'),
(49, '947f4521-cbb0-453b-aa4d-f872446994f2', '2025-05-24 02:40:58', 'processing'),
(50, '6ad4225a-0b20-4da5-9932-e65ceef19e05', '2025-05-24 02:40:58', 'cancelled'),
(51, '6ad4225a-0b20-4da5-9932-e65ceef19e05', '2025-05-24 02:40:58', 'shipped'),
(52, 'ffc6874a-8322-4a72-9e0b-598fa005f049', '2025-05-24 02:40:58', 'cancelled'),
(53, 'ffc6874a-8322-4a72-9e0b-598fa005f049', '2025-05-24 02:40:58', 'cancelled'),
(54, '75fb09c1-009c-4ba5-959d-e56af0bfb437', '2025-05-24 02:40:58', 'delivered'),
(55, '5371aa59-8f00-4d28-aaf6-7f33175a8066', '2025-05-24 02:40:58', 'cancelled'),
(56, '68fd7ac6-0b4f-4bb1-9fc3-d1173a8eaeff', '2025-05-24 02:40:58', 'shipped'),
(57, '68fd7ac6-0b4f-4bb1-9fc3-d1173a8eaeff', '2025-05-24 02:40:58', 'delivered'),
(58, '85705895-2950-4cff-a866-58bae83474b7', '2025-05-24 02:40:58', 'shipped'),
(59, '85705895-2950-4cff-a866-58bae83474b7', '2025-05-24 02:40:58', 'processing'),
(60, '85705895-2950-4cff-a866-58bae83474b7', '2025-05-24 02:40:58', 'shipped'),
(61, 'c3bfa397-ca58-44ec-8dc9-184ebe4e8078', '2025-05-24 02:40:58', 'shipped'),
(62, 'c3bfa397-ca58-44ec-8dc9-184ebe4e8078', '2025-05-24 02:40:58', 'processing'),
(63, '6530c633-8724-4756-b468-fb546b2ad9e0', '2025-05-24 02:40:58', 'cancelled'),
(64, 'f44ff430-75a4-4066-8398-7466ab0c38d6', '2025-05-24 02:40:58', 'cancelled'),
(65, 'f44ff430-75a4-4066-8398-7466ab0c38d6', '2025-05-24 02:40:58', 'processing'),
(66, 'e5727d1f-d55a-42e2-9a92-3c98b4e3b85c', '2025-05-24 02:40:58', 'processing'),
(67, '61433667-e382-41e9-8da9-a88265d84da4', '2025-05-24 02:40:58', 'processing'),
(68, '6e397359-b5ee-4e48-a101-172e1890bac3', '2025-05-24 02:40:58', 'delivered'),
(69, '6e397359-b5ee-4e48-a101-172e1890bac3', '2025-05-24 02:40:58', 'cancelled'),
(70, 'f9ef02e3-59bb-44cf-87f5-d7bbd08b2e66', '2025-05-24 02:40:58', 'delivered'),
(71, 'ac57bb19-0490-4b5a-b685-d4d28b1bd503', '2025-05-24 02:40:58', 'delivered'),
(72, 'ac57bb19-0490-4b5a-b685-d4d28b1bd503', '2025-05-24 02:40:58', 'shipped'),
(73, '45907a90-bbab-444e-bb55-20603058e4bb', '2025-05-24 02:40:58', 'shipped'),
(74, '96685aed-a98c-4b99-afe2-ab3bcc18e0f0', '2025-05-24 02:40:58', 'delivered'),
(75, '96685aed-a98c-4b99-afe2-ab3bcc18e0f0', '2025-05-24 02:40:58', 'processing'),
(76, 'b651de14-c25f-4c71-8e17-e038d7b6988f', '2025-05-24 02:40:58', 'processing'),
(77, 'b651de14-c25f-4c71-8e17-e038d7b6988f', '2025-05-24 02:40:58', 'delivered'),
(78, 'f26c4cef-b559-4f8f-a190-5237c5b54b71', '2025-05-24 02:40:58', 'cancelled'),
(79, '443dfcb5-e992-43b4-8393-b034a7796e1c', '2025-05-24 02:40:58', 'shipped'),
(80, 'f17e951e-93c2-4851-afde-cb6d45f42808', '2025-05-24 02:40:58', 'cancelled'),
(81, 'f17e951e-93c2-4851-afde-cb6d45f42808', '2025-05-24 02:40:58', 'delivered'),
(82, 'ebf81da2-d830-4dec-9f81-b0ddb9d8cd71', '2025-05-24 02:40:58', 'processing'),
(83, '43bde1c4-be79-466c-b15f-4b74bc10ff07', '2025-05-24 02:40:58', 'shipped'),
(84, '43bde1c4-be79-466c-b15f-4b74bc10ff07', '2025-05-24 02:40:58', 'processing'),
(85, '08eaae60-4c2c-4582-ad4a-1b1dc97d4b2e', '2025-05-24 02:40:58', 'shipped'),
(86, '3161dfc6-32ac-4819-9481-79c95bf0b2a5', '2025-05-24 02:40:58', 'cancelled'),
(87, '3161dfc6-32ac-4819-9481-79c95bf0b2a5', '2025-05-24 02:40:58', 'shipped'),
(88, 'f1f7733a-0b51-40c9-a360-0b6b56690b73', '2025-05-24 02:40:58', 'processing'),
(89, 'f1f7733a-0b51-40c9-a360-0b6b56690b73', '2025-05-24 02:40:58', 'shipped'),
(90, '0354d910-9294-4d8f-8119-e3e2b60eb771', '2025-05-24 02:40:58', 'delivered'),
(91, '0354d910-9294-4d8f-8119-e3e2b60eb771', '2025-05-24 02:40:58', 'processing'),
(92, '32255567-4410-4cbc-bb7d-6fde6f3daa5b', '2025-05-24 02:40:58', 'delivered'),
(93, '2f82311a-8794-4f8e-b7c1-962731e569ad', '2025-05-24 02:40:58', 'shipped'),
(94, '2f82311a-8794-4f8e-b7c1-962731e569ad', '2025-05-24 02:40:58', 'delivered'),
(95, '2f82311a-8794-4f8e-b7c1-962731e569ad', '2025-05-24 02:40:58', 'cancelled'),
(96, 'f752bb3b-60ca-4eee-b841-d979858a2ed2', '2025-05-24 02:40:58', 'processing'),
(97, 'f752bb3b-60ca-4eee-b841-d979858a2ed2', '2025-05-24 02:40:58', 'shipped'),
(98, 'f752bb3b-60ca-4eee-b841-d979858a2ed2', '2025-05-24 02:40:58', 'processing'),
(99, '5257fc22-317f-413d-ae37-08aa6d70ea99', '2025-05-24 02:40:58', 'shipped'),
(100, '5257fc22-317f-413d-ae37-08aa6d70ea99', '2025-05-24 02:40:58', 'cancelled'),
(101, '041cfb5e-d57f-40ee-ac5b-09a4b8038e1e', '2025-05-24 02:40:58', 'processing'),
(102, '041cfb5e-d57f-40ee-ac5b-09a4b8038e1e', '2025-05-24 02:40:58', 'shipped'),
(103, 'e5a6e5b2-07aa-4a7b-915b-653cc8f6573f', '2025-05-24 02:40:58', 'processing'),
(104, '408f8b85-349f-48dc-ae73-67a9f3f03c1e', '2025-05-24 02:40:58', 'shipped'),
(105, '408f8b85-349f-48dc-ae73-67a9f3f03c1e', '2025-05-24 02:40:58', 'shipped'),
(106, '970c2943-8c84-4490-b105-20c242e00ae1', '2025-05-24 02:40:58', 'processing'),
(107, '37d97675-5a62-4dc3-8cf4-d193b0d03e2b', '2025-05-24 02:40:58', 'cancelled'),
(108, '37d97675-5a62-4dc3-8cf4-d193b0d03e2b', '2025-05-24 02:40:58', 'cancelled'),
(109, 'a31eea43-a97b-4588-9bea-b83deb8a0888', '2025-05-24 02:40:58', 'cancelled'),
(110, 'a31eea43-a97b-4588-9bea-b83deb8a0888', '2025-05-24 02:40:58', 'delivered'),
(111, 'a31eea43-a97b-4588-9bea-b83deb8a0888', '2025-05-24 02:40:58', 'delivered'),
(112, 'af9a081b-f569-4a1c-953a-6d68519aa024', '2025-05-24 02:40:58', 'delivered'),
(113, 'af9a081b-f569-4a1c-953a-6d68519aa024', '2025-05-24 02:40:58', 'processing'),
(114, 'af9a081b-f569-4a1c-953a-6d68519aa024', '2025-05-24 02:40:58', 'processing'),
(115, '2cb4d3c8-31d9-441c-91d4-10885bc0e956', '2025-05-24 02:40:58', 'processing'),
(116, '2cb4d3c8-31d9-441c-91d4-10885bc0e956', '2025-05-24 02:40:58', 'delivered'),
(117, '4b74f5d7-69c7-4baa-b80d-8603d7ce1245', '2025-05-24 02:40:58', 'processing'),
(118, '3f7a78a2-be63-4521-bb20-610fd96a3bc9', '2025-05-24 02:40:58', 'cancelled'),
(119, 'fa0ff4bc-8b03-4241-b456-01a745a21db4', '2025-05-24 02:40:58', 'delivered'),
(120, 'fa0ff4bc-8b03-4241-b456-01a745a21db4', '2025-05-24 02:40:58', 'delivered'),
(121, 'cf310ca6-6bca-445b-8222-e605016b3a74', '2025-05-24 02:40:58', 'cancelled'),
(122, 'cf310ca6-6bca-445b-8222-e605016b3a74', '2025-05-24 02:40:58', 'shipped'),
(123, 'cf310ca6-6bca-445b-8222-e605016b3a74', '2025-05-24 02:40:58', 'shipped'),
(124, '84ba45bd-a1b8-4e0e-8dd9-40f255aa4216', '2025-05-24 02:40:58', 'shipped'),
(125, '84ba45bd-a1b8-4e0e-8dd9-40f255aa4216', '2025-05-24 02:40:58', 'cancelled'),
(126, '84ba45bd-a1b8-4e0e-8dd9-40f255aa4216', '2025-05-24 02:40:58', 'delivered'),
(127, 'fa224a3c-4e32-423a-b76f-aaceddce90cd', '2025-05-24 02:40:58', 'cancelled'),
(128, 'fa224a3c-4e32-423a-b76f-aaceddce90cd', '2025-05-24 02:40:58', 'delivered'),
(129, '2f3bfbbd-bd04-40ff-8942-a520e581b8d5', '2025-05-24 02:40:58', 'delivered'),
(130, '2f3bfbbd-bd04-40ff-8942-a520e581b8d5', '2025-05-24 02:40:58', 'delivered'),
(131, '80def54d-6de9-485e-b396-89d49939cd00', '2025-05-24 02:40:58', 'cancelled'),
(132, '80def54d-6de9-485e-b396-89d49939cd00', '2025-05-24 02:40:58', 'delivered'),
(133, '257e4c5c-7152-4b35-829c-d26a771cd9b6', '2025-05-24 02:40:58', 'cancelled'),
(134, 'c1070204-ad90-4c6c-a786-9abbc7151b34', '2025-05-24 02:40:58', 'shipped'),
(135, 'c1bc73c4-9b53-4deb-93ef-701a0d459249', '2025-05-24 02:40:58', 'delivered'),
(136, '436d5fbe-1ced-4091-8184-e0385e8f8cb5', '2025-05-24 02:40:58', 'processing');
INSERT INTO order_invoice (id, order_record_id) VALUES
(1, 1),
(2, 2),
(3, 3),
(4, 4),
(5, 5),
(6, 6),
(7, 7),
(8, 8),
(9, 9),
(10, 10),
(11, 11),
(12, 12),
(13, 13),
(14, 14),
(15, 15),
(16, 16),
(17, 17),
(18, 18),
(19, 19),
(20, 20),
(21, 21),
(22, 22),
(23, 23),
(24, 24),
(25, 25),
(26, 26),
(27, 27),
(28, 28),
(29, 29),
(30, 30),
(31, 31),
(32, 32),
(33, 33),
(34, 34),
(35, 35),
(36, 36),
(37, 37),
(38, 38),
(39, 39),
(40, 40),
(41, 41),
(42, 42),
(43, 43),
(44, 44),
(45, 45),
(46, 46),
(47, 47),
(48, 48),
(49, 49),
(50, 50),
(51, 51),
(52, 52),
(53, 53),
(54, 54),
(55, 55),
(56, 56),
(57, 57),
(58, 58),
(59, 59),
(60, 60),
(61, 61),
(62, 62),
(63, 63),
(64, 64),
(65, 65),
(66, 66),
(67, 67),
(68, 68),
(69, 69),
(70, 70),
(71, 71),
(72, 72),
(73, 73),
(74, 74),
(75, 75),
(76, 76),
(77, 77),
(78, 78),
(79, 79),
(80, 80),
(81, 81),
(82, 82),
(83, 83),
(84, 84),
(85, 85),
(86, 86),
(87, 87),
(88, 88),
(89, 89),
(90, 90),
(91, 91),
(92, 92),
(93, 93),
(94, 94),
(95, 95),
(96, 96),
(97, 97),
(98, 98),
(99, 99),
(100, 100),
(101, 101),
(102, 102),
(103, 103),
(104, 104),
(105, 105),
(106, 106),
(107, 107),
(108, 108),
(109, 109),
(110, 110),
(111, 111),
(112, 112),
(113, 113),
(114, 114),
(115, 115),
(116, 116),
(117, 117),
(118, 118),
(119, 119),
(120, 120),
(121, 121),
(122, 122),
(123, 123),
(124, 124),
(125, 125),
(126, 126),
(127, 127),
(128, 128),
(129, 129),
(130, 130),
(131, 131),
(132, 132),
(133, 133),
(134, 134),
(135, 135),
(136, 136);
INSERT INTO order_transaction (id, total_amount, description) VALUES
(1, 719.4, 'Pedido #1'),
(2, 448.79, 'Pedido #2'),
(3, 278.09, 'Pedido #3'),
(4, 193.39, 'Pedido #4'),
(5, 449.85, 'Pedido #5'),
(6, 81.75, 'Pedido #6'),
(7, 536.09, 'Pedido #7'),
(8, 3.15, 'Pedido #8'),
(9, 312.95, 'Pedido #9'),
(10, 210.89, 'Pedido #10'),
(11, 812.29, 'Pedido #11'),
(12, 604.95, 'Pedido #12'),
(13, 681.39, 'Pedido #13'),
(14, 590.19, 'Pedido #14'),
(15, 80.85, 'Pedido #15'),
(16, 879.49, 'Pedido #16'),
(17, 178.7, 'Pedido #17'),
(18, 119.5, 'Pedido #18'),
(19, 888.1, 'Pedido #19'),
(20, 875.09, 'Pedido #20'),
(21, 809.25, 'Pedido #21'),
(22, 423.49, 'Pedido #22'),
(23, 960.49, 'Pedido #23'),
(24, 391.5, 'Pedido #24'),
(25, 84.19, 'Pedido #25'),
(26, 68.19, 'Pedido #26'),
(27, 668.05, 'Pedido #27'),
(28, 380.99, 'Pedido #28'),
(29, 568.39, 'Pedido #29'),
(30, 770.75, 'Pedido #30'),
(31, 92.49, 'Pedido #31'),
(32, 484.59, 'Pedido #32'),
(33, 306.19, 'Pedido #33'),
(34, 170.59, 'Pedido #34'),
(35, 671.25, 'Pedido #35'),
(36, 355.49, 'Pedido #36'),
(37, 820, 'Pedido #37'),
(38, 690.6, 'Pedido #38'),
(39, 518.79, 'Pedido #39'),
(40, 572.25, 'Pedido #40'),
(41, 79.19, 'Pedido #41'),
(42, 149.85, 'Pedido #42'),
(43, 322.05, 'Pedido #43'),
(44, 567.05, 'Pedido #44'),
(45, 141.25, 'Pedido #45'),
(46, 927, 'Pedido #46'),
(47, 152.05, 'Pedido #47'),
(48, 303.25, 'Pedido #48'),
(49, 495.75, 'Pedido #49'),
(50, 814.85, 'Pedido #50'),
(51, 896.79, 'Pedido #51'),
(52, 1.99, 'Pedido #52'),
(53, 956.09, 'Pedido #53'),
(54, 535.3, 'Pedido #54'),
(55, 446.05, 'Pedido #55'),
(56, 676.29, 'Pedido #56'),
(57, 737.89, 'Pedido #57'),
(58, 909.49, 'Pedido #58'),
(59, 643.75, 'Pedido #59'),
(60, 339.09, 'Pedido #60'),
(61, 81.49, 'Pedido #61'),
(62, 899.39, 'Pedido #62'),
(63, 53.2, 'Pedido #63'),
(64, 476.2, 'Pedido #64'),
(65, 389.65, 'Pedido #65'),
(66, 797.35, 'Pedido #66'),
(67, 515.19, 'Pedido #67'),
(68, 670.69, 'Pedido #68'),
(69, 47.95, 'Pedido #69'),
(70, 787.75, 'Pedido #70'),
(71, 453.49, 'Pedido #71'),
(72, 746.6, 'Pedido #72'),
(73, 267.69, 'Pedido #73'),
(74, 561.8, 'Pedido #74'),
(75, 730.35, 'Pedido #75'),
(76, 56.79, 'Pedido #76'),
(77, 843.69, 'Pedido #77'),
(78, 500.69, 'Pedido #78'),
(79, 62.45, 'Pedido #79'),
(80, 822.35, 'Pedido #80'),
(81, 694.79, 'Pedido #81'),
(82, 682.85, 'Pedido #82'),
(83, 479.79, 'Pedido #83'),
(84, 11.1, 'Pedido #84'),
(85, 387.89, 'Pedido #85'),
(86, 985.89, 'Pedido #86'),
(87, 556.99, 'Pedido #87'),
(88, 206.59, 'Pedido #88'),
(89, 887.35, 'Pedido #89'),
(90, 962.84, 'Pedido #90'),
(91, 722.89, 'Pedido #91'),
(92, 64.46, 'Pedido #92'),
(93, 206.89, 'Pedido #93'),
(94, 456.05, 'Pedido #94'),
(95, 810.89, 'Pedido #95'),
(96, 312.09, 'Pedido #96'),
(97, 987.69, 'Pedido #97'),
(98, 255.79, 'Pedido #98'),
(99, 160.55, 'Pedido #99'),
(100, 897.59, 'Pedido #100'),
(101, 445.4, 'Pedido #101'),
(102, 400.29, 'Pedido #102'),
(103, 916.29, 'Pedido #103'),
(104, 737.35, 'Pedido #104'),
(105, 705.68, 'Pedido #105'),
(106, 556.89, 'Pedido #106'),
(107, 43.69, 'Pedido #107'),
(108, 96.19, 'Pedido #108'),
(109, 8.95, 'Pedido #109'),
(110, 833.19, 'Pedido #110'),
(111, 758.75, 'Pedido #111'),
(112, 280.55, 'Pedido #112'),
(113, 565.15, 'Pedido #113'),
(114, 477.29, 'Pedido #114'),
(115, 10.75, 'Pedido #115'),
(116, 550.29, 'Pedido #116'),
(117, 614.65, 'Pedido #117'),
(118, 992.99, 'Pedido #118'),
(119, 579.29, 'Pedido #119'),
(120, 382.42, 'Pedido #120'),
(121, 484.39, 'Pedido #121'),
(122, 836.39, 'Pedido #122'),
(123, 322.69, 'Pedido #123'),
(124, 648.39, 'Pedido #124'),
(125, 583.8, 'Pedido #125'),
(126, 341.89, 'Pedido #126'),
(127, 609.39, 'Pedido #127'),
(128, 796.95, 'Pedido #128'),
(129, 244.65, 'Pedido #129'),
(130, 301.95, 'Pedido #130'),
(131, 802.95, 'Pedido #131'),
(132, 433.5, 'Pedido #132'),
(133, 429.6, 'Pedido #133'),
(134, 514.29, 'Pedido #134'),
(135, 403.19, 'Pedido #135'),
(136, 751.59, 'Pedido #136');
INSERT INTO delivery (id, order_record_id) VALUES
(1, 1),
(2, 2),
(3, 3),
(4, 4),
(5, 5),
(6, 6),
(7, 7),
(8, 8),
(9, 9),
(10, 10),
(11, 11),
(12, 12),
(13, 13),
(14, 14),
(15, 15),
(16, 16),
(17, 17),
(18, 18),
(19, 19),
(20, 20),
(21, 21),
(22, 22),
(23, 23),
(24, 24),
(25, 25),
(26, 26),
(27, 27),
(28, 28),
(29, 29),
(30, 30),
(31, 31),
(32, 32),
(33, 33),
(34, 34),
(35, 35),
(36, 36),
(37, 37),
(38, 38),
(39, 39),
(40, 40),
(41, 41),
(42, 42),
(43, 43),
(44, 44),
(45, 45),
(46, 46),
(47, 47),
(48, 48),
(49, 49),
(50, 50),
(51, 51),
(52, 52),
(53, 53),
(54, 54),
(55, 55),
(56, 56),
(57, 57),
(58, 58),
(59, 59),
(60, 60),
(61, 61),
(62, 62),
(63, 63),
(64, 64),
(65, 65),
(66, 66),
(67, 67),
(68, 68),
(69, 69),
(70, 70),
(71, 71),
(72, 72),
(73, 73),
(74, 74),
(75, 75),
(76, 76),
(77, 77),
(78, 78),
(79, 79),
(80, 80),
(81, 81),
(82, 82),
(83, 83),
(84, 84),
(85, 85),
(86, 86),
(87, 87),
(88, 88),
(89, 89),
(90, 90),
(91, 91),
(92, 92),
(93, 93),
(94, 94),
(95, 95),
(96, 96),
(97, 97),
(98, 98),
(99, 99),
(100, 100),
(101, 101),
(102, 102),
(103, 103),
(104, 104),
(105, 105),
(106, 106),
(107, 107),
(108, 108),
(109, 109),
(110, 110),
(111, 111),
(112, 112),
(113, 113),
(114, 114),
(115, 115),
(116, 116),
(117, 117),
(118, 118),
(119, 119),
(120, 120),
(121, 121),
(122, 122),
(123, 123),
(124, 124),
(125, 125),
(126, 126),
(127, 127),
(128, 128),
(129, 129),
(130, 130),
(131, 131),
(132, 132),
(133, 133),
(134, 134),
(135, 135),
(136, 136);
INSERT INTO tracking (code) VALUES
('TRACK5614'),
('TRACK6077'),
('TRACK7418'),
('TRACK2952'),
('TRACK8399'),
('TRACK8569'),
('TRACK2093'),
('TRACK3146'),
('TRACK5649'),
('TRACK4539'),
('TRACK3271'),
('TRACK3885'),
('TRACK3115'),
('TRACK7350'),
('TRACK4262'),
('TRACK8186'),
('TRACK5394'),
('TRACK5235'),
('TRACK7680'),
('TRACK6994'),
('TRACK3489'),
('TRACK4549'),
('TRACK9623'),
('TRACK7670'),
('TRACK4989'),
('TRACK4710'),
('TRACK4453'),
('TRACK4588'),
('TRACK2469'),
('TRACK5853'),
('TRACK7369'),
('TRACK2561'),
('TRACK8978'),
('TRACK1048'),
('TRACK6443'),
('TRACK8244'),
('TRACK5825'),
('TRACK3481'),
('TRACK2426'),
('TRACK1304'),
('TRACK3343'),
('TRACK8332'),
('TRACK9369'),
('TRACK7554'),
('TRACK2895'),
('TRACK2270'),
('TRACK3923'),
('TRACK8667'),
('TRACK3412'),
('TRACK6504'),
('TRACK3525'),
('TRACK3136'),
('TRACK6570'),
('TRACK2075'),
('TRACK4454'),
('TRACK4364'),
('TRACK1852'),
('TRACK5601'),
('TRACK1240'),
('TRACK6756'),
('TRACK8951'),
('TRACK8536'),
('TRACK3033'),
('TRACK3591'),
('TRACK6519'),
('TRACK9204'),
('TRACK7255'),
('TRACK4423'),
('TRACK6948'),
('TRACK6714'),
('TRACK5745'),
('TRACK3441'),
('TRACK2137'),
('TRACK6304'),
('TRACK5198'),
('TRACK5203'),
('TRACK2451'),
('TRACK3915'),
('TRACK9851'),
('TRACK1252'),
('TRACK6761'),
('TRACK7324'),
('TRACK1990'),
('TRACK3585'),
('TRACK3688'),
('TRACK2691'),
('TRACK6857'),
('TRACK4352'),
('TRACK9306'),
('TRACK9715'),
('TRACK4878'),
('TRACK9234'),
('TRACK1243'),
('TRACK8040'),
('TRACK4957'),
('TRACK1458'),
('TRACK1103'),
('TRACK2251'),
('TRACK1019'),
('TRACK5374'),
('TRACK3237'),
('TRACK1743'),
('TRACK3662'),
('TRACK9396'),
('TRACK2359'),
('TRACK2777'),
('TRACK7157'),
('TRACK2721'),
('TRACK7275'),
('TRACK2028'),
('TRACK1763'),
('TRACK1166'),
('TRACK3989'),
('TRACK7610'),
('TRACK8139'),
('TRACK9270'),
('TRACK4870'),
('TRACK6573'),
('TRACK1934'),
('TRACK8944'),
('TRACK7337'),
('TRACK7474'),
('TRACK6265'),
('TRACK7914'),
('TRACK5962'),
('TRACK3730'),
('TRACK5021'),
('TRACK5303'),
('TRACK1973'),
('TRACK4307'),
('TRACK2240'),
('TRACK4443'),
('TRACK7108'),
('TRACK4460'),
('TRACK8002'),
('TRACK2260');
INSERT INTO carrier (id, name) VALUES
(1, 'Correios');
INSERT INTO delivery_status (id) VALUES
(1),
(2),
(3);
INSERT INTO return_request (id, user_id) VALUES
(1, '523cc5e0-a6b8-4456-aa6c-23ea1d831b0f'),
(2, '1eb6a2ab-bace-458b-87d8-b33eb472f61e'),
(3, '9ea405a3-5533-4da9-aab4-c68cf192919e'),
(4, '5ff0be16-5a12-4aeb-a2f1-8277aaa8b3dc'),
(5, '9b39c423-ea0b-4724-b9b6-1145484d266c'),
(6, '51b0958f-7a2a-438c-8589-b5f1e9963e2f'),
(7, '3114c3d0-bdd9-4ab5-b510-667451b5849a'),
(8, 'd5766bf9-0b42-4596-982e-6eaa63bd9dcd'),
(9, 'a37335c8-fbb6-49b4-b4ad-306681de8c12'),
(10, '59beef08-4627-40eb-9d25-6582177155f8'),
(11, '9f2f30db-a1a9-4752-b26f-f6945133161b'),
(12, 'ed38b6ee-2c19-41db-ad69-712d0902cf5e'),
(13, 'd073b770-92f1-41c1-933e-9e8d1399c534'),
(14, '17ed631d-c959-4af2-9fef-26cd29ed540e'),
(15, 'f3267953-240d-41d8-9c63-1bbf61847026'),
(16, '8481a314-680d-4445-8f8f-5b068caa296d'),
(17, '25f8f05b-de86-4324-9b1d-9e35ee67f587'),
(18, '40fd9bee-b2d2-49a1-b4cb-b768fc9d83b8'),
(19, '6ade14d9-e285-447d-affd-1853b1f2bbee'),
(20, '983a3a34-ec75-4ae9-8927-4bb7c8da0102'),
(21, '8d7d8905-7be3-4906-aed1-5880909561c7'),
(22, '0ef1a94c-2e80-4ec3-be83-120554e64472'),
(23, '6ad4225a-0b20-4da5-9932-e65ceef19e05'),
(24, 'ffc6874a-8322-4a72-9e0b-598fa005f049'),
(25, '61a6674b-7e82-420d-9180-7e50522ec46d'),
(26, 'f44ff430-75a4-4066-8398-7466ab0c38d6'),
(27, 'e5727d1f-d55a-42e2-9a92-3c98b4e3b85c'),
(28, '6e397359-b5ee-4e48-a101-172e1890bac3'),
(29, '45907a90-bbab-444e-bb55-20603058e4bb'),
(30, 'd2d2c25b-bbd9-4779-b7b9-0ef46de4adc2'),
(31, 'a5c5ee16-d6e8-449c-8314-10084d4a98c3'),
(32, 'f26c4cef-b559-4f8f-a190-5237c5b54b71'),
(33, 'f17e951e-93c2-4851-afde-cb6d45f42808'),
(34, 'ebf81da2-d830-4dec-9f81-b0ddb9d8cd71'),
(35, '43bde1c4-be79-466c-b15f-4b74bc10ff07'),
(36, 'ca439562-4e0d-432f-8327-ea717c4f9e2e'),
(37, '5257fc22-317f-413d-ae37-08aa6d70ea99'),
(38, '041cfb5e-d57f-40ee-ac5b-09a4b8038e1e'),
(39, 'e5a6e5b2-07aa-4a7b-915b-653cc8f6573f'),
(40, '970c2943-8c84-4490-b105-20c242e00ae1'),
(41, 'af9a081b-f569-4a1c-953a-6d68519aa024'),
(42, '2cb4d3c8-31d9-441c-91d4-10885bc0e956'),
(43, '4b74f5d7-69c7-4baa-b80d-8603d7ce1245'),
(44, '3f7a78a2-be63-4521-bb20-610fd96a3bc9'),
(45, '80def54d-6de9-485e-b396-89d49939cd00'),
(46, 'b4ab35c6-22d5-40e5-8547-95c9f2b73a9f'),
(47, 'eaead930-a83c-4cda-adad-98ab65eaab36'),
(48, '436d5fbe-1ced-4091-8184-e0385e8f8cb5');
INSERT INTO support_ticket (id, user_id, description) VALUES
(1, '523cc5e0-a6b8-4456-aa6c-23ea1d831b0f', 'Sollers deficio alter cohaero vinum socius.'),
(2, '1eb6a2ab-bace-458b-87d8-b33eb472f61e', 'Acidus minus minima aeneus nisi accusantium urbanus iure talio.'),
(3, '9ea405a3-5533-4da9-aab4-c68cf192919e', 'Dolore demoror aranea summa.'),
(4, '5ff0be16-5a12-4aeb-a2f1-8277aaa8b3dc', 'Tener veniam placeat appositus suppono.'),
(5, '9b39c423-ea0b-4724-b9b6-1145484d266c', 'Cavus baiulus asporto usitas nulla.'),
(6, '51b0958f-7a2a-438c-8589-b5f1e9963e2f', 'Suadeo somnus ustulo comparo contabesco tenus quia impedit tubineus tantillus.'),
(7, '3114c3d0-bdd9-4ab5-b510-667451b5849a', 'Officiis carbo distinctio pecco ea amaritudo contabesco cumque.'),
(8, 'd5766bf9-0b42-4596-982e-6eaa63bd9dcd', 'Ad carus dicta.'),
(9, 'a37335c8-fbb6-49b4-b4ad-306681de8c12', 'Cicuta delicate bestia appositus explicabo beneficium cursus umquam demulceo.'),
(10, '59beef08-4627-40eb-9d25-6582177155f8', 'Textilis sperno theologus tui auditor victoria.'),
(11, '9f2f30db-a1a9-4752-b26f-f6945133161b', 'Laborum curvo vulticulus clibanus.'),
(12, 'ed38b6ee-2c19-41db-ad69-712d0902cf5e', 'Circumvenio defetiscor suspendo.'),
(13, 'd073b770-92f1-41c1-933e-9e8d1399c534', 'Minus patrocinor a ustilo alias auditor deprecator dolore tepidus spero.'),
(14, '17ed631d-c959-4af2-9fef-26cd29ed540e', 'Tres alienus maiores summa bestia.'),
(15, 'f3267953-240d-41d8-9c63-1bbf61847026', 'Aliquam vitae inventore eum autem.'),
(16, '8481a314-680d-4445-8f8f-5b068caa296d', 'Charisma claro a demergo terror peior corporis caecus.'),
(17, '25f8f05b-de86-4324-9b1d-9e35ee67f587', 'Consequatur possimus vestigium cuius ascit trepide demonstro.'),
(18, '40fd9bee-b2d2-49a1-b4cb-b768fc9d83b8', 'Caterva sulum occaecati laborum praesentium sumptus.'),
(19, '6ade14d9-e285-447d-affd-1853b1f2bbee', 'Tot umquam dignissimos succurro communis cavus repellendus comes.'),
(20, '983a3a34-ec75-4ae9-8927-4bb7c8da0102', 'Verbera ambitus ancilla artificiose cohibeo synagoga tactus.'),
(21, '8d7d8905-7be3-4906-aed1-5880909561c7', 'Acer tibi amplexus ambitus.'),
(22, '0ef1a94c-2e80-4ec3-be83-120554e64472', 'Creta aspernatur tripudio vix autus vulgus.'),
(23, '6ad4225a-0b20-4da5-9932-e65ceef19e05', 'Decimus vos caste votum utor canto demum crur absorbeo.'),
(24, 'ffc6874a-8322-4a72-9e0b-598fa005f049', 'Acsi cetera hic abbas.'),
(25, '61a6674b-7e82-420d-9180-7e50522ec46d', 'Clarus sufficio vinco tollo bis maiores vacuus.'),
(26, 'f44ff430-75a4-4066-8398-7466ab0c38d6', 'Cultura tenuis titulus thorax repellat debitis hic vel ocer aetas.'),
(27, 'e5727d1f-d55a-42e2-9a92-3c98b4e3b85c', 'Bestia modi aliquam conatus verecundia vigor condico abscido.'),
(28, '6e397359-b5ee-4e48-a101-172e1890bac3', 'Audio teneo tenax accommodo tenetur apostolus.'),
(29, '45907a90-bbab-444e-bb55-20603058e4bb', 'Ademptio maxime deprimo confero patrocinor administratio antea sequi teres desidero.'),
(30, 'd2d2c25b-bbd9-4779-b7b9-0ef46de4adc2', 'Aggero sopor reiciendis crux tero summisse aufero caelum clarus volaticus.'),
(31, 'a5c5ee16-d6e8-449c-8314-10084d4a98c3', 'Voluptatibus vos magni conicio.'),
(32, 'f26c4cef-b559-4f8f-a190-5237c5b54b71', 'Creo possimus crepusculum autem sunt praesentium cur.'),
(33, 'f17e951e-93c2-4851-afde-cb6d45f42808', 'Ancilla cognomen clibanus verbum tabula.'),
(34, 'ebf81da2-d830-4dec-9f81-b0ddb9d8cd71', 'Acies video utique molestiae.'),
(35, '43bde1c4-be79-466c-b15f-4b74bc10ff07', 'Atqui aeternus quod temperantia atque vaco adnuo vulticulus crepusculum.'),
(36, 'ca439562-4e0d-432f-8327-ea717c4f9e2e', 'Antepono id ventosus facilis admiratio aufero.'),
(37, '5257fc22-317f-413d-ae37-08aa6d70ea99', 'Conturbo crur pectus turpis demoror officia.'),
(38, '041cfb5e-d57f-40ee-ac5b-09a4b8038e1e', 'Turbo annus constans odit animus.'),
(39, 'e5a6e5b2-07aa-4a7b-915b-653cc8f6573f', 'Tego suffoco solio thorax adeo damno.'),
(40, '970c2943-8c84-4490-b105-20c242e00ae1', 'Provident totam cursus aggredior solum sapiente averto cena culpo carus.'),
(41, 'af9a081b-f569-4a1c-953a-6d68519aa024', 'Tempora una sonitus ultio veniam cervus nam caste aliqua depono.'),
(42, '2cb4d3c8-31d9-441c-91d4-10885bc0e956', 'Cena dolorum corrumpo territo comis aggero cibus tenuis.'),
(43, '4b74f5d7-69c7-4baa-b80d-8603d7ce1245', 'Adhaero vaco ubi aestivus trepide eligendi convoco.'),
(44, '3f7a78a2-be63-4521-bb20-610fd96a3bc9', 'Consequuntur curto tyrannus totidem.'),
(45, '80def54d-6de9-485e-b396-89d49939cd00', 'Cicuta virtus cupiditate valeo non tredecim.'),
(46, 'b4ab35c6-22d5-40e5-8547-95c9f2b73a9f', 'Mollitia deputo compono vociferor teneo.'),
(47, 'eaead930-a83c-4cda-adad-98ab65eaab36', 'Delectus tibi verto creptio trans commodi dapifer ago demulceo bene.'),
(48, '436d5fbe-1ced-4091-8184-e0385e8f8cb5', 'Bonus sono viduo acceptus ciminatio.');
INSERT INTO feedback (id, user_id) VALUES
(1, '523cc5e0-a6b8-4456-aa6c-23ea1d831b0f'),
(2, '1eb6a2ab-bace-458b-87d8-b33eb472f61e'),
(3, '9ea405a3-5533-4da9-aab4-c68cf192919e'),
(4, '5ff0be16-5a12-4aeb-a2f1-8277aaa8b3dc'),
(5, '9b39c423-ea0b-4724-b9b6-1145484d266c'),
(6, '51b0958f-7a2a-438c-8589-b5f1e9963e2f'),
(7, '3114c3d0-bdd9-4ab5-b510-667451b5849a'),
(8, 'd5766bf9-0b42-4596-982e-6eaa63bd9dcd'),
(9, 'a37335c8-fbb6-49b4-b4ad-306681de8c12'),
(10, '59beef08-4627-40eb-9d25-6582177155f8'),
(11, '9f2f30db-a1a9-4752-b26f-f6945133161b'),
(12, 'ed38b6ee-2c19-41db-ad69-712d0902cf5e'),
(13, 'd073b770-92f1-41c1-933e-9e8d1399c534'),
(14, '17ed631d-c959-4af2-9fef-26cd29ed540e'),
(15, 'f3267953-240d-41d8-9c63-1bbf61847026'),
(16, '8481a314-680d-4445-8f8f-5b068caa296d'),
(17, '25f8f05b-de86-4324-9b1d-9e35ee67f587'),
(18, '40fd9bee-b2d2-49a1-b4cb-b768fc9d83b8'),
(19, '6ade14d9-e285-447d-affd-1853b1f2bbee'),
(20, '983a3a34-ec75-4ae9-8927-4bb7c8da0102'),
(21, '8d7d8905-7be3-4906-aed1-5880909561c7'),
(22, '0ef1a94c-2e80-4ec3-be83-120554e64472'),
(23, '6ad4225a-0b20-4da5-9932-e65ceef19e05'),
(24, 'ffc6874a-8322-4a72-9e0b-598fa005f049'),
(25, '61a6674b-7e82-420d-9180-7e50522ec46d'),
(26, 'f44ff430-75a4-4066-8398-7466ab0c38d6'),
(27, 'e5727d1f-d55a-42e2-9a92-3c98b4e3b85c'),
(28, '6e397359-b5ee-4e48-a101-172e1890bac3'),
(29, '45907a90-bbab-444e-bb55-20603058e4bb'),
(30, 'd2d2c25b-bbd9-4779-b7b9-0ef46de4adc2'),
(31, 'a5c5ee16-d6e8-449c-8314-10084d4a98c3'),
(32, 'f26c4cef-b559-4f8f-a190-5237c5b54b71'),
(33, 'f17e951e-93c2-4851-afde-cb6d45f42808'),
(34, 'ebf81da2-d830-4dec-9f81-b0ddb9d8cd71'),
(35, '43bde1c4-be79-466c-b15f-4b74bc10ff07'),
(36, 'ca439562-4e0d-432f-8327-ea717c4f9e2e'),
(37, '5257fc22-317f-413d-ae37-08aa6d70ea99'),
(38, '041cfb5e-d57f-40ee-ac5b-09a4b8038e1e'),
(39, 'e5a6e5b2-07aa-4a7b-915b-653cc8f6573f'),
(40, '970c2943-8c84-4490-b105-20c242e00ae1'),
(41, 'af9a081b-f569-4a1c-953a-6d68519aa024'),
(42, '2cb4d3c8-31d9-441c-91d4-10885bc0e956'),
(43, '4b74f5d7-69c7-4baa-b80d-8603d7ce1245'),
(44, '3f7a78a2-be63-4521-bb20-610fd96a3bc9'),
(45, '80def54d-6de9-485e-b396-89d49939cd00'),
(46, 'b4ab35c6-22d5-40e5-8547-95c9f2b73a9f'),
(47, 'eaead930-a83c-4cda-adad-98ab65eaab36'),
(48, '436d5fbe-1ced-4091-8184-e0385e8f8cb5');

